date,duration,emissions,emissions_rate,cpu_power,ram_power,cpu_energy,ram_energy,energy_consumed
2022-01-01,6.66899681091307,0.4735872939957513,0.20707825807167562,15.0,18.0,0.09218984180026586,0.1098783810933431,0.20206822289360893
2022-01-02,8.65046977996825,0.6155842593775855,0.20540308613411223,15.0,18.0,0.11973844634162055,0.14291644096374514,0.2626548873053657
2022-01-03,6.892251968383771,0.48941136871443863,0.20763496664391284,15.0,18.0,0.09534623887803821,0.11347373326619467,0.20881997214423287
2022-01-04,7.00018405914305,0.4973316325810221,0.20816634711485843,15.0,18.0,0.096879071659512,0.11532028516133626,0.21219935682084828
2022-01-05,7.9519271850585795,0.5648701705005434,0.20535234301971614,15.0,18.0,0.10995136366950141,0.13106505076090494,0.24101641443040633
2022-01-06,8.078098297119121,0.575041393008497,0.2075781556937554,15.0,18.0,0.11185970571306017,0.13349652290344238,0.2453562286165027
2022-01-07,6.00178241729735,0.42612810807757906,0.20733605789975826,15.0,18.0,0.08302066061231828,0.09879787762959798,0.18181853824191624
2022-01-08,9.703826904296859,0.690109430200524,0.20668631476686122,15.0,18.0,0.1342611180411445,0.16019185384114584,0.29445297188229036
2022-01-09,6.64308071136473,0.47190054957734223,0.20773407297995428,15.0,18.0,0.0918941365347968,0.10945439338684085,0.20134852992163765
2022-01-10,7.89299011230467,0.5616343592471548,0.20784302788817055,15.0,18.0,0.10929273234473334,0.13034303983052573,0.23963577217525905
2022-01-11,11.20951175689695,0.7989388257794913,0.20747660515042654,15.0,18.0,0.1553210947248671,0.18556674321492514,0.3408878379397922
2022-01-12,10.25290489196776,0.7303671627243362,0.20715638010804904,15.0,18.0,0.14200309912363696,0.16962687174479166,0.3116299708684286
2022-01-13,9.113383293151829,0.6487161292433741,0.20759544575517297,15.0,18.0,0.12613634268442792,0.15065511067708334,0.2767914533615113
2022-01-14,6.49719238281248,0.4615176109208001,0.20751590698280242,15.0,18.0,0.08985135290357804,0.10706702868143717,0.19691838158501526
2022-01-15,7.19392299652098,0.510853061358134,0.20566687898173747,15.0,18.0,0.09943048159281415,0.11853814125061038,0.21796862284342453
2022-01-16,6.9534301757812305,0.49354417969120873,0.20603331341219508,15.0,18.0,0.09610984060499403,0.11447350184122723,0.21058334244622126
2022-01-17,7.5339078903198,0.5356258685655065,0.2099543735350629,15.0,18.0,0.10426210032569039,0.12427647908528647,0.22853857941097683
2022-01-18,9.661674499511701,0.6885968393882117,0.2079905447733652,15.0,18.0,0.13388593991597497,0.15992164611816406,0.29380758603413903
2022-01-19,8.61825942993162,0.6137860690686439,0.2078659635920873,15.0,18.0,0.11937651369306776,0.14251112937927246,0.2618876430723403
2022-01-20,9.074902534484849,0.6459247045980562,0.20723402978075123,15.0,18.0,0.12564427322811553,0.14995614687601727,0.2756004201041328
2022-01-21,7.86588191986083,0.559778583387534,0.20733680849729827,15.0,18.0,0.10890265305836996,0.1299413045247396,0.23884395758310956
2022-01-22,8.950781822204581,0.6367212608191704,0.20609571325267878,15.0,18.0,0.12388858530256483,0.14778494834899902,0.2716735336515638
2022-01-23,11.16952896118163,0.7959741788307826,0.20724225146420439,15.0,18.0,0.15472571055094403,0.18489718437194827,0.3396228949228923
2022-01-24,6.55479431152342,0.4658827819228172,0.2074758822018773,15.0,18.0,0.09071727593739828,0.10806361834208171,0.19878089427947998
2022-01-25,7.299566268920881,0.5184441097180048,0.2072100152696884,15.0,18.0,0.10090271631876628,0.12030482292175293,0.22120753924051917
2022-01-26,6.98988437652587,0.49678480267524716,0.2073208387685417,15.0,18.0,0.09670257568359374,0.11526346206665042,0.21196603775024417
2022-01-27,6.944203376770011,0.49290639255444213,0.2054256364605099,15.0,18.0,0.09595255057017009,0.11435866355895996,0.21031121412913004
2022-01-28,9.247660636901841,0.6584948076605797,0.20998684551409733,15.0,18.0,0.1280874013900757,0.1528763771057129,0.2809637784957886
2022-01-29,9.989595413208,0.7104776412579749,0.2061793573790064,15.0,18.0,0.1382254891925388,0.16491810480753583,0.3031435940000746
2022-01-30,7.900500297546369,0.5622879785299302,0.20745115065730546,15.0,18.0,0.10938843091328938,0.13052622477213544,0.23991465568542492
2022-01-31,7.57319927215575,0.537400310655435,0.20783743112299918,15.0,18.0,0.1047442356745402,0.12455145517985028,0.2292956908543905
2022-02-01,6.595921516418439,0.4677773620618716,0.20764728712145275,15.0,18.0,0.09117556942833793,0.10841369628906251,0.19958926571740046
2022-02-02,6.83562755584715,0.4850673072404333,0.20538801416112096,15.0,18.0,0.09446508354610868,0.11250138282775883,0.20696646637386748
2022-02-03,7.058691978454569,0.5013384072581927,0.2056324660482136,15.0,18.0,0.09759565194447836,0.11631329854329428,0.21390895048777267
2022-02-04,6.98354244232176,0.49587274689144567,0.2059798748830533,15.0,18.0,0.09657012091742621,0.1150067647298177,0.21157688564724403
2022-02-05,6.78238868713378,0.4821751466857063,0.20790783379705846,15.0,18.0,0.09385413593716092,0.11187831560770674,0.20573245154486766
2022-02-06,6.83338642120359,0.4852878707647323,0.20777012249334942,15.0,18.0,0.09447733561197916,0.11258323987325035,0.2070605754852295
2022-02-07,16.694998741149888,1.1917365412977008,0.20742988852032135,15.0,18.0,0.2314832475450304,0.27700185775756836,0.5084851053025987
2022-02-08,8.125877380371069,0.5771573127574392,0.20612832133683595,15.0,18.0,0.11231071419186064,0.13394832611083993,0.24625904030270052
2022-02-09,7.348895072936999,0.5228560010724599,0.20597195488310477,15.0,18.0,0.10171069039238823,0.12137929598490398,0.22308998637729222
2022-02-10,8.62178802490233,0.6138493976526791,0.20776813721247425,15.0,18.0,0.11939836872948542,0.142516295115153,0.2619146638446384
2022-02-11,9.172320365905751,0.651752020849122,0.20661976174798313,15.0,18.0,0.12686981095208064,0.151216983795166,0.2780867947472466
2022-02-12,8.289074897766099,0.5877881331510015,0.20780783568887137,15.0,18.0,0.11446641551123724,0.13632853825887045,0.25079495377010774
2022-02-13,7.55739212036131,0.5369761022726696,0.20698472041200464,15.0,18.0,0.1044929027557373,0.12462178866068524,0.22911469141642252
2022-02-14,7.57250785827636,0.5384585809641416,0.20628913422016334,15.0,18.0,0.1048031780454848,0.12494405110677086,0.22974722915225562
2022-02-15,9.87062454223631,0.7019441145592267,0.20535134136973043,15.0,18.0,0.13652079635196263,0.16298174858093267,0.2995025449328953
2022-02-16,12.80047893524168,0.9123492993712427,0.20719342225416768,15.0,18.0,0.17733275890350342,0.21194458007812494,0.3892773389816285
2022-02-17,9.781193733215321,0.6966487273706331,0.20711341970663744,15.0,18.0,0.13550155692630345,0.16174157460530603,0.2972431315316095
2022-02-18,7.814407348632789,0.5555518660545349,0.20620061352192864,15.0,18.0,0.1081387201944987,0.1289017995198568,0.2370405197143555
2022-02-19,6.42240047454832,0.4561567221085231,0.20804936699337917,15.0,18.0,0.08882085482279463,0.10581016540527347,0.19463102022806805
2022-02-20,6.300187110900859,0.4475176477697161,0.20771341812392413,15.0,18.0,0.08712477154201934,0.1038201649983724,0.1909449365403917
2022-02-21,8.26640129089354,0.5880285644663705,0.2062244787498641,15.0,18.0,0.11446409755282931,0.13643344243367525,0.25089753998650444
2022-02-22,9.832859039306628,0.6997280797693467,0.2064570286287044,15.0,18.0,0.1361224386427138,0.16243457794189456,0.2985570165846083
2022-02-23,7.62257575988768,0.5421401757796607,0.2077284394536073,15.0,18.0,0.10548035303751631,0.1258377234141032,0.2313180764516195
2022-02-24,11.53955459594725,0.8230074129237069,0.2076314249513901,15.0,18.0,0.1599444283379449,0.19121289253234863,0.3511573208702936
2022-02-25,9.12933349609374,0.6497545317610106,0.20620262316235247,15.0,18.0,0.12637277444203698,0.1508617401123047,0.2772345145543416
2022-02-26,6.48202896118164,0.4605211170249516,0.2070003025807117,15.0,18.0,0.0896626048617893,0.10683059692382811,0.1964932017856174
2022-02-27,8.744311332702619,0.6199263030290605,0.20732787058076907,15.0,18.0,0.12078881263732913,0.1437187194824219,0.26450753211975103
2022-02-28,9.94293689727782,0.7071834683683185,0.20794469392194007,15.0,18.0,0.13757414287990993,0.16416390736897787,0.30173805024888783
2022-03-01,6.59279823303222,0.46721733870108917,0.20779845199938318,15.0,18.0,0.09104708830515544,0.10830322901407878,0.19935031731923425
2022-03-02,13.830661773681639,0.9864563152790071,0.2067316002891811,15.0,18.0,0.19169251124064127,0.22920449574788418,0.42089700698852534
2022-03-03,5.40709495544433,0.38355717484818574,0.20718559631048047,15.0,18.0,0.07471409108903673,0.0889404614766439,0.16365455256568062
2022-03-04,11.93470954895018,0.850296444826656,0.20588944377193563,15.0,18.0,0.16534262233310273,0.19745826721191406,0.3628008895450168
2022-03-05,7.59069919586179,0.539265865193473,0.2077217077175262,15.0,18.0,0.10493463940090604,0.12515703837076822,0.23009167777167425
2022-03-06,6.913208961486809,0.49122368378109416,0.20643787003629452,15.0,18.0,0.09562638070848253,0.1139668623606364,0.20959324306911895
2022-03-07,7.48531818389892,0.531481571522024,0.2067370281964923,15.0,18.0,0.10346339808570017,0.12330691019694012,0.22677030828264033
2022-03-08,9.133887290954569,0.6502717151972983,0.20734829172805858,15.0,18.0,0.12647344006432426,0.15098174413045248,0.27745518419477677
2022-03-09,7.80630111694334,0.4508124648801087,0.14474484985720804,15.0,18.0,0.10802944501241049,0.1282934347788493,0.23632287979125982
2022-03-10,10.66901683807372,0.7589887335830264,0.20801973464783208,15.0,18.0,0.14770362112257224,0.17613848050435382,0.32384210162692595
2022-03-11,15.22026062011717,1.0864285564687515,0.20805560365958062,15.0,18.0,0.21104680167304152,0.25250593821207684,0.46355273988511825
2022-03-12,9.363055229187001,0.666683597140842,0.2061663476046427,15.0,18.0,0.12963149282667374,0.15482624371846518,0.28445773654513895
2022-03-13,7.059478759765611,0.5017422821985351,0.20659222535772023,15.0,18.0,0.09766783979203966,0.11641343434651694,0.21408127413855657
2022-03-14,10.357403755187969,0.7376319447027314,0.20767583366528114,15.0,18.0,0.14339453644222683,0.17133514086405438,0.31472967730628126
2022-03-15,9.234809875488269,0.6572875289188491,0.20765163852651086,15.0,18.0,0.12786553965674505,0.15258312225341797,0.28044866191016304
2022-03-16,5.70487976074216,0.40455137654145573,0.20763985065925977,15.0,18.0,0.0788390636444092,0.09377320607503255,0.17261226971944177
2022-03-17,7.81004428863524,0.5550202474262981,0.2056220999401687,15.0,18.0,0.1080191797680325,0.1287945111592611,0.2368136909272937
2022-03-18,6.42206668853758,0.4561070526308484,0.2077601811821673,15.0,18.0,0.08882151709662543,0.10578831036885583,0.19460982746548122
2022-03-19,7.27057456970213,0.514839813027117,0.2020379705890776,15.0,18.0,0.10023746225568983,0.11943221092224122,0.21966967317793107
2022-03-20,6.6583395004272194,0.47284256226486626,0.20739818735342755,15.0,18.0,0.09211169348822701,0.10963877042134604,0.20175046390957302
2022-03-21,8.06758403778075,0.5738587937884861,0.20694715553033727,15.0,18.0,0.11166466606987849,0.13318697611490884,0.24485164218478736
2022-03-22,6.2265634536743,0.44180721000830336,0.20602513009530665,15.0,18.0,0.0860750675201416,0.10243336359659833,0.18850843111673993
2022-03-23,9.0020179748535,0.6404812402791448,0.20774968922557777,15.0,18.0,0.12456940280066597,0.1487084229787191,0.27327782577938514
2022-03-24,12.226629257202141,0.8711815288861594,0.20721766192552338,15.0,18.0,0.16933480898539227,0.2023772398630778,0.37171204884847014
2022-03-25,6.16400241851805,0.4377353993588024,0.20648200500523187,15.0,18.0,0.08519722355736627,0.1015738646189372,0.18677108817630345
2022-03-26,6.61833286285399,0.4705830666820209,0.20740657518930172,15.0,18.0,0.09158949057261148,0.10919690132141113,0.20078639189402261
2022-03-27,8.43966007232664,0.6010557819406194,0.20765286884060213,15.0,18.0,0.11689364910125734,0.13956228892008465,0.256455938021342
2022-03-28,5.576586723327619,0.3957468407551447,0.20796284979934299,15.0,18.0,0.07709860801696777,0.09175697962443036,0.16885558764139813
2022-03-29,6.21738433837889,0.44174993489185976,0.20711640296921868,15.0,18.0,0.08601248264312744,0.10247151056925459,0.18848399321238204
2022-03-30,7.402420043945291,0.5269032874173589,0.20756653387986682,15.0,18.0,0.10250177648332384,0.12231508890787768,0.2248168653912015
2022-03-31,6.49158954620359,0.4606449802849028,0.20627459631940898,15.0,18.0,0.08968843354119196,0.10685761769612631,0.19654605123731828
2022-04-01,10.09109020233153,0.7182310467229952,0.2076463461924053,15.0,18.0,0.13976660039689806,0.1666851838429769,0.306451784239875
2022-04-02,11.981034278869618,0.85377843042877,0.2072069670171574,15.0,18.0,0.16595886813269722,0.19832770029703778,0.364286568429735
2022-04-03,13.38014602661132,0.9544286599887741,0.2072355670085318,15.0,18.0,0.18545620971255833,0.22177537282307944,0.40723158253563774
2022-04-04,9.69479084014891,0.6882340969840688,0.20581996695110077,15.0,18.0,0.13405779997507733,0.15959501266479492,0.2936528126398723
2022-04-05,6.315302848815909,0.4483922962281439,0.2061696432770629,15.0,18.0,0.08733305666181776,0.10398507118225098,0.1913181278440687
2022-04-06,7.7054977416992,0.5478071527481079,0.20898873752849262,15.0,18.0,0.10662476221720377,0.12711127599080402,0.2337360382080078
2022-04-07,8.1757068634033,0.5675598437037622,0.14841448154258569,15.0,18.0,0.11320478386349148,0.1350700855255127,0.24827486938900417
2022-04-08,14.962983131408679,1.0668122171296015,0.20560713807356235,15.0,18.0,0.2072943581475152,0.24788856506347656,0.45518292321099174
2022-04-09,7.69670009613036,0.5475439045164321,0.207660636951834,15.0,18.0,0.10654860072665742,0.12707511583964032,0.23362371656629777
2022-04-10,11.221575736999501,0.799763494326009,0.2070049920234711,15.0,18.0,0.1554869943194919,0.18575270970662439,0.34123970402611625
2022-04-11,8.42680931091307,0.5999782647093137,0.2077543612968085,15.0,18.0,0.11669894059499106,0.1392972469329834,0.2559961875279745
2022-04-12,6.70788288116453,0.47566642728779057,0.20748069694964766,15.0,18.0,0.0926795932981703,0.11027574539184573,0.20295533869001606
2022-04-13,31.8873643875122,2.2785976878735754,0.20575093252767634,15.0,18.0,0.4423860046598646,0.5298364162445068,0.9722224209043715
2022-04-14,8.18827152252196,0.5831072505315145,0.2077852889067901,15.0,18.0,0.11340975761413577,0.13538797696431476,0.2487977345784505
2022-04-15,8.656620979309059,0.6157472373512056,0.20633955454125194,15.0,18.0,0.11979209052191842,0.14293233553568524,0.26272442605760365
2022-04-16,9.92350578308105,0.7069543679025441,0.20675224018667765,15.0,18.0,0.13746685451931423,0.16417344411214194,0.30164029863145614
2022-04-17,10.27748584747313,0.7319165399935512,0.2056983577644921,15.0,18.0,0.14226800865597194,0.17002304395039877,0.31229105260637074
2022-04-18,13.578987121582019,0.9689363383319646,0.20778642180516158,15.0,18.0,0.18825994597540963,0.22516171137491864,0.41342165735032826
2022-04-19,6.82377815246581,0.485280575560199,0.20758996546865977,15.0,18.0,0.09444720215267607,0.11261026064554851,0.20705746279822457
2022-04-20,10.4532480239868,0.7439696148369047,0.20700577321185204,15.0,18.0,0.14475716484917536,0.17267664273579916,0.3174338075849744
2022-04-21,7.93204307556151,0.5643782874544463,0.20732280871401176,15.0,18.0,0.10981261730194092,0.13099392255147302,0.24080653985341394
2022-04-22,8.10732841491697,0.5759317183958161,0.20494431607168298,15.0,18.0,0.11211799250708686,0.13361811637878424,0.24573610888587102
2022-04-23,8.0519914627075,0.5724787583947182,0.2072916920943355,15.0,18.0,0.11138617992401127,0.13287663459777832,0.2442628145217896
2022-04-24,7.53672122955321,0.535254589219888,0.2078343127792618,15.0,18.0,0.10416805744171143,0.12421210606892903,0.22838016351064044
2022-04-25,10.55419445037841,0.7520034976336691,0.2066079571157798,15.0,18.0,0.14620853794945618,0.17465313275655112,0.3208616707060073
2022-04-26,9.87682342529295,0.7031256272594135,0.2055412121532434,15.0,18.0,0.13672014077504477,0.16328652699788412,0.30000666777292884
2022-04-27,7.60493278503416,0.5406666996810171,0.20782225945831695,15.0,18.0,0.10524425241682266,0.12544512748718262,0.23068937990400526
2022-04-28,11.02421283721923,0.7850456520054075,0.2050284377703668,15.0,18.0,0.1525931888156467,0.18236676851908365,0.3349599573347304
2022-04-29,6.52513504028319,0.463374007648892,0.20740069292512303,15.0,18.0,0.09025004174974231,0.10746041933695476,0.19771046108669707
2022-04-30,6.42948150634765,0.4571358316871856,0.20688402419827454,15.0,18.0,0.08899900648328993,0.10604977607727054,0.19504878256056046
2022-05-01,9.00979042053221,0.6412762623561756,0.20724895083935643,15.0,18.0,0.1247468921873305,0.14887015024820965,0.27361704243554014
2022-05-02,6.88300132751463,0.4894289082487425,0.2076555989599499,15.0,18.0,0.09527703126271567,0.11355042457580568,0.20882745583852133
2022-05-03,9.78269577026365,0.6969689402845172,0.20600974830249436,15.0,18.0,0.13554162449306914,0.16183813412984213,0.2973797586229113
2022-05-04,6.457281112670881,0.458979190177388,0.20781207540808816,15.0,18.0,0.08935001161363393,0.10648528734842935,0.19583529896206328
2022-05-05,8.23209285736082,0.5856649181975259,0.20716479427988804,15.0,18.0,0.11393758985731336,0.13595143953959152,0.24988902939690497
2022-05-06,15.56475162506102,1.1109610875778728,0.2077313684861446,15.0,18.0,0.2158168289396498,0.25820334752400714,0.47402017646365696
2022-05-07,7.685899734497059,0.5465283189151022,0.20591406493068903,15.0,18.0,0.10633700423770483,0.12685338656107586,0.23319039079878068
2022-05-08,24.19519424438475,1.7282553739415278,0.20687770885468193,15.0,18.0,0.3356264697180854,0.40177822113037115,0.7374046908484566
2022-05-09,7.0228099822997905,0.4993112717005942,0.2076888165064366,15.0,18.0,0.09718769126468235,0.1158563296000163,0.21304402086469865
2022-05-10,10.83958148956298,0.7705654470920564,0.20828660546324862,15.0,18.0,0.14995535214742028,0.1788262526194255,0.3287816047668459
2022-05-11,10.55426597595214,0.7524070621397759,0.20774587582819098,15.0,18.0,0.14625357256995308,0.17478028933207193,0.32103386190202504
2022-05-12,11.955833435058581,0.8519392628007467,0.20736481586668143,15.0,18.0,0.16567640834384495,0.19782543182373047,0.3635018401675754
2022-05-13,9.434986114501939,0.6722575990557672,0.20709410081801916,15.0,18.0,0.13068616390228274,0.15614986419677737,0.2868360280990601
2022-05-14,14.667367935180648,1.0463299214906165,0.20749488156862644,15.0,18.0,0.20332899358537462,0.2431146303812663,0.4464436239666409
2022-05-15,11.3337993621826,0.8075901622705991,0.2060761631491779,15.0,18.0,0.15700691276126436,0.18757224082946777,0.3445791535907321
2022-05-16,11.15410327911376,0.7947965465585392,0.2069949803491294,15.0,18.0,0.15455385049184167,0.18456657727559408,0.3391204277674358
2022-05-17,7.51681327819823,0.5345497482882605,0.20579911008101864,15.0,18.0,0.10403460926479766,0.12404481569925944,0.22807942496405706
2022-05-18,9.92691516876219,0.7065327982107799,0.20853994180812285,15.0,18.0,0.13746221860249835,0.16399820645650232,0.3014604250590006
2022-05-19,7.18040466308591,0.5101966481672394,0.20590391639880215,15.0,18.0,0.09931690163082547,0.11837164560953778,0.21768854724036327
2022-05-20,8.03568363189696,0.5715743082496857,0.2064040948133955,15.0,18.0,0.11124147309197321,0.13263543446858725,0.24387690756056046
2022-05-21,7.7022790908813406,0.5482616284688314,0.20950942972345463,15.0,18.0,0.10665655136108398,0.12727340062459308,0.23392995198567706
2022-05-22,6.745409965515121,0.4784626636637582,0.20559199504459863,15.0,18.0,0.09319318665398492,0.11095523834228516,0.2041484249962701
2022-05-23,8.47117900848387,0.6025966222683589,0.20687098469955906,15.0,18.0,0.11722048123677573,0.1398928960164388,0.25711337725321454
2022-05-24,10.68916320800779,0.7615999511546561,0.20717529955021136,15.0,18.0,0.14809535609351263,0.17686088879903164,0.3249562448925442
2022-05-25,7.59809017181395,0.5399376448790232,0.20598799909297505,15.0,18.0,0.10506510734558108,0.12531320254007974,0.23037830988566083
2022-05-26,7.52410888671874,0.5349304958780607,0.2075160866528774,15.0,18.0,0.1041183869043986,0.12412349383036299,0.2282418807347616
2022-05-27,9.7862958908081,0.6968944360680049,0.20681732879318637,15.0,18.0,0.13554162449306917,0.16180634498596191,0.29734796947903097
2022-05-28,10.71801185607908,0.7636890183422302,0.20718938802328835,15.0,18.0,0.1485043101840549,0.17734328905741376,0.3258475992414687
2022-05-29,7.73682594299315,0.5497343284818862,0.20650965769105317,15.0,18.0,0.10702146424187556,0.12753685315450036,0.23455831739637586
2022-05-30,11.39161586761474,0.8105742113590239,0.2063897874939336,15.0,18.0,0.15759865442911783,0.18825372060139972,0.3458523750305176
2022-05-31,10.15241146087646,0.7234613979392583,0.20734583991764297,15.0,18.0,0.14065040482415098,0.16803304354349777,0.30868344836764866
2022-06-01,7.387018203735339,0.5246414635777474,0.20711367913634116,15.0,18.0,0.10218918323516848,0.12166261672973633,0.22385179996490484
2022-06-02,9.554815292358391,0.6798292452759214,0.2065028770147358,15.0,18.0,0.13222164577907988,0.15784502029418945,0.2900666660732693
2022-06-03,13.606595993041978,0.9703197885023223,0.20769419609062256,15.0,18.0,0.18861061996883816,0.2254013220469157,0.41401194201575386
2022-06-04,12.58878707885741,0.8978990513616142,0.20815475198729744,15.0,18.0,0.17448200119866267,0.2086297671000163,0.383111768298679
2022-06-05,6.908679008483871,0.49132674794726905,0.20832996796125586,15.0,18.0,0.0956330034467909,0.11400421460469565,0.20963721805148655
2022-06-06,7.2212934494018395,0.5130923787156741,0.20493729745331263,15.0,18.0,0.0998725493748983,0.11905153592427574,0.21892408529917404
2022-06-07,7.558798789978011,0.5378377124932078,0.20634230484541766,15.0,18.0,0.10460582044389513,0.12487649917602542,0.2294823196199205
2022-06-08,8.17208290100096,0.5809818625383908,0.2070143904195315,15.0,18.0,0.11305444770389136,0.13483643531799316,0.24789088302188456
2022-06-09,7.47458934783934,0.5285430010490948,0.20978679949928764,15.0,18.0,0.10324153635236952,0.12227495511372889,0.2255164914660984
2022-06-10,6.308960914611809,0.4477978146672249,0.20636150832495756,15.0,18.0,0.08724828561147054,0.10381619135538737,0.1910644769668579
2022-06-11,9.10840034484862,0.6473655851019753,0.20795435136622786,15.0,18.0,0.12597176763746476,0.15024344126383463,0.27621520890129947
2022-06-12,7.26633071899413,0.5164210098054673,0.20692065400408094,15.0,18.0,0.10051396158006455,0.11983036994934085,0.2203443315294054
2022-06-13,6.24859333038329,0.4437458718087939,0.20756377120052252,15.0,18.0,0.08644726541307239,0.10288834571838382,0.1893356111314562
2022-06-14,6.50689601898193,0.4622181057731311,0.20677485352641692,15.0,18.0,0.09004573027292886,0.10717153549194336,0.19721726576487228
2022-06-15,6.772923469543439,0.4812609178622563,0.20807671290976507,15.0,18.0,0.09371836980183922,0.11162400245666507,0.2053423722585042
2022-06-16,9.33270454406736,0.6639947710103459,0.20871149314683923,15.0,18.0,0.12923048602210152,0.1540799935658773,0.2833104795879788
2022-06-17,6.361484527587881,0.45155080935690145,0.20633868860958204,15.0,18.0,0.08793208334181044,0.10473370552062988,0.19266578886244035
2022-06-18,6.59620761871337,0.46915258572498963,0.2075470916419922,15.0,18.0,0.09131530920664471,0.10886073112487794,0.20017604033152264
2022-06-19,9.1952085494995,0.6545245090060765,0.20672339207843846,15.0,18.0,0.12730293803744847,0.15196681022644043,0.2792697482638889
2022-06-20,8.43286514282225,0.598474210838477,0.20493989395513323,15.0,18.0,0.11661946773529053,0.13873497645060223,0.25535444418589276
2022-06-21,8.4930658340454,0.6031611469255554,0.20699018191473903,15.0,18.0,0.11735326713985869,0.1400009791056315,0.2573542462454902
2022-06-22,9.5700979232788,0.6810951960881552,0.20773680447629983,15.0,18.0,0.1325150330861411,0.1580917835235596,0.29060681660970056
2022-06-23,9.574484825134268,0.6811915859182677,0.20712998090021098,15.0,18.0,0.13251801331837973,0.15812993049621585,0.2906479438145955
2022-06-24,11.16168498992919,0.6090964320058693,0.14396224725446818,15.0,18.0,0.15468166934119335,0.18482287724812824,0.3395045465893216
2022-06-25,6.65221214294432,0.4725209523969227,0.2061736316164712,15.0,18.0,0.09199314647250706,0.10962009429931643,0.2016132407718235
2022-06-26,6.865930557250959,0.48823466774490154,0.20781154487214543,15.0,18.0,0.09502735402848989,0.11329054832458495,0.20831790235307482
2022-06-27,9.39829349517821,0.6692260535293156,0.20649723514313956,15.0,18.0,0.1301540268792047,0.15538851420084634,0.28554254108005106
2022-06-28,10.0076913833618,0.7127998445563847,0.20627278667936222,15.0,18.0,0.13860397868686253,0.16553044319152832,0.30413442187839085
2022-06-29,9.153509140014641,0.6516475597288873,0.20808314608110773,15.0,18.0,0.12672907776302764,0.15131314595540366,0.27804222371843124
2022-06-30,8.737587928771951,0.6216759103801517,0.2060874288869871,15.0,18.0,0.12098418341742626,0.144269863764445,0.2652540471818712
2022-07-01,7.01198577880858,0.49901899786790205,0.20734278451570926,15.0,18.0,0.09708603223164874,0.11583328247070312,0.21291931470235187
2022-07-02,9.80622768402098,0.6980245719022224,0.20747483357280416,15.0,18.0,0.13577507601843944,0.16205509503682455,0.297830171055264
2022-07-03,6.61468505859373,0.4692216573423811,0.20224692728170182,15.0,18.0,0.09135868814256458,0.10884682337443036,0.20020551151699492
2022-07-04,9.12041664123534,0.6487392565939162,0.20619382416388216,15.0,18.0,0.12625985675387918,0.1505414644877116,0.27680132124159074
2022-07-05,6.488299369812,0.460531361354722,0.20767351027434958,15.0,18.0,0.08966260486178929,0.10683496793111166,0.196497572792901
2022-07-06,8.21013450622557,0.5843516261643834,0.20787478915815322,15.0,18.0,0.11367367373572457,0.13565500577290854,0.24932867950863313
2022-07-07,6.52110576629637,0.46345347881317145,0.2068443587596029,15.0,18.0,0.09024739265441895,0.10749697685241699,0.19774436950683597
2022-07-08,9.870433807373029,0.703450807121065,0.20729800290474953,15.0,18.0,0.13675159878200954,0.16339381535847983,0.30014541414048945
2022-07-09,8.244085311889629,0.5844537590278521,0.19905609368935934,15.0,18.0,0.11369420422448055,0.13567805290222174,0.2493722571267022
2022-07-10,8.2092523574829,0.5844348225394885,0.20759137879734274,15.0,18.0,0.11369287967681886,0.13567129770914715,0.24936417738596608
2022-07-11,6.63063526153563,0.471518715467718,0.20771981990901506,15.0,18.0,0.09177691406673856,0.10940869649251303,0.20118561055925158
2022-07-12,6.243968009948721,0.44307409212324356,0.2083498757309614,15.0,18.0,0.086261166466607,0.10278781255086264,0.18904897901746964
2022-07-13,10.07816791534422,0.7177761053509182,0.20758846502877926,15.0,18.0,0.13961460855272081,0.16664306322733563,0.30625767178005636
2022-07-14,6.97970390319823,0.49465522381994464,0.20926569193962197,15.0,18.0,0.09644561343722874,0.11461178461710614,0.21105739805433488
2022-07-15,9.81886386871336,0.6993450039227804,0.2068990500810201,15.0,18.0,0.1359899838765462,0.16240358352661133,0.29839356740315753
2022-07-16,11.7624282836914,0.8387822838160728,0.2075458936860609,15.0,18.0,0.16303095552656385,0.19485712051391602,0.3578880760404799
2022-07-17,6.42330646514892,0.45625466410981297,0.20678225460749847,15.0,18.0,0.08883443143632677,0.10583837827046712,0.19467280970679393
2022-07-18,10.73269844055174,0.7627047865986826,0.20516563630840534,15.0,18.0,0.1483708620071411,0.17705678939819336,0.32542765140533453
2022-07-19,16.26241207122801,1.1513704672257106,0.20067604746665338,15.0,18.0,0.22503336270650226,0.2662285168965658,0.49126187960306805
2022-07-20,7.97598361968993,0.534265928630296,0.1483077189585901,15.0,18.0,0.11019706726074222,0.13097127278645834,0.24116834004720056
2022-07-21,7.18467235565183,0.510893262591627,0.20767433764767362,15.0,18.0,0.09943412409888376,0.11855165163675944,0.2179857757356432
2022-07-22,9.464287757873521,0.6740786062810156,0.20739642075452147,15.0,18.0,0.1310828659269546,0.1565301418304444,0.28761300775739884
2022-07-23,7.423186302185041,0.5279733542270131,0.20748793685970338,15.0,18.0,0.1027401950624254,0.12253324190775554,0.22527343697018096
2022-07-24,10.55309772491454,0.7510111945999993,0.20512962438334198,15.0,18.0,0.14613204532199436,0.17430623372395837,0.3204382790459527
2022-07-25,13.75787258148192,0.9809190998209848,0.20579894582547625,15.0,18.0,0.19061499171786844,0.22791941960652679,0.41853441132439506
2022-07-26,10.45448780059813,0.7448344846169156,0.20787270798679172,15.0,18.0,0.14482935269673666,0.17297347386678064,0.3178028265635173
2022-07-27,8.19272994995116,0.5827892106572787,0.20763591850324464,15.0,18.0,0.1134266455968221,0.1352353890736898,0.24866203467051196
2022-07-28,9.609127044677722,0.6844242928293018,0.20723941748986824,15.0,18.0,0.13310180770026314,0.15892545382181805,0.29202726152208125
2022-07-29,6.07087612152098,0.4301070988906755,0.2073193783877346,15.0,18.0,0.08385413222842746,0.09966214497884116,0.18351627720726862
2022-07-30,6.50880336761474,0.4621462402476205,0.20601589769271225,15.0,18.0,0.08999241722954643,0.10719418525695804,0.19718660248650444
2022-07-31,9.35671329498289,0.6664428553912376,0.20742934361242854,15.0,18.0,0.1296066575580173,0.15474836031595868,0.284355017873976
2022-08-01,6.41832351684569,0.4561149687038528,0.2075239133360811,15.0,18.0,0.0888225105073717,0.10579069455464682,0.19461320506201854
2022-08-02,6.60893917083739,0.46966371569368587,0.20773298519526112,15.0,18.0,0.09144677056206602,0.1089473565419515,0.2003941271040175
2022-08-03,6.58893585205077,0.4682706420620283,0.20715027858179663,15.0,18.0,0.09119013945261638,0.10860959688822432,0.19979973634084067
2022-08-04,9.245514869689918,0.6584691968361538,0.20706728786803782,15.0,18.0,0.12802481651306155,0.15292803446451825,0.2809528509775798
2022-08-05,7.5705051422119,0.5386682792901993,0.20708483479597745,15.0,18.0,0.104824701944987,0.1250120004018148,0.22983670234680176
2022-08-06,7.26561546325682,0.5167663678924244,0.20756121780004577,15.0,18.0,0.10057588418324791,0.11991580327351886,0.22049168745676676
2022-08-07,10.6821060180664,0.7614818309280608,0.20771522449598517,15.0,18.0,0.1480254862043593,0.17688035964965823,0.3249058458540175
2022-08-08,6.1706781387328995,0.4384272020525403,0.20713511088049003,15.0,18.0,0.08538630273607044,0.10167996088663739,0.18706626362270778
2022-08-09,7.20348358154295,0.5117197937435574,0.20691105686634204,15.0,18.0,0.09960002369350857,0.11873841285705566,0.21833843655056429
2022-08-10,9.009051322937,0.6410909331176016,0.2058491163868233,15.0,18.0,0.12473695807986791,0.1488010088602702,0.2735379669401381
2022-08-11,8.19389820098876,0.5821504922178057,0.20824413516296375,15.0,18.0,0.1133667098151313,0.1350227991739909,0.2483895089891222
2022-08-12,6.69956207275389,0.47646998630629644,0.20738228452414426,15.0,18.0,0.09272164768642849,0.11057655016581218,0.20329819785224068
2022-08-13,8.653283119201639,0.6156790970365207,0.20662444147030587,15.0,18.0,0.11974871158599854,0.1429466406504313,0.26269535223642987
2022-08-14,9.63814258575438,0.6862030809985268,0.2070423537930744,15.0,18.0,0.1334475146399604,0.15933871269226074,0.29278622733222115
2022-08-15,6.61869049072264,0.47015233918031063,0.2074010585667524,15.0,18.0,0.09157458941141765,0.10902802149454756,0.20060261090596518
2022-08-16,6.808805465698231,0.4830575560000209,0.20754594273164087,15.0,18.0,0.09410546885596381,0.11200348536173504,0.20610895421769887
2022-08-17,8.43100547790526,0.5997496298948926,0.20794655886611804,15.0,18.0,0.1167098681131999,0.1391887664794922,0.2558986345926921
2022-08-18,8.15930366516111,0.580595061480999,0.20724002870787211,15.0,18.0,0.11292397975921631,0.13480186462402344,0.24772584438323975
2022-08-19,6.1563730239867995,0.43716000950336464,0.2072950436117836,15.0,18.0,0.08510748545328777,0.10141809781392416,0.1865255832672119
2022-08-20,8.29629898071288,0.5905334583123525,0.20738819655471363,15.0,18.0,0.114897886912028,0.13706843058268228,0.2519663174947103
2022-08-21,7.78541564941405,0.553466213643551,0.20709267811033094,15.0,18.0,0.10769863923390707,0.12845198313395184,0.23615062236785891
2022-08-22,7.18228816986082,0.5108499570157794,0.2080218163528419,15.0,18.0,0.09942915704515248,0.11853814125061038,0.2179672982957629
2022-08-23,9.681463241577129,0.68960637152195,0.2078480834215909,15.0,18.0,0.13409852981567383,0.160139799118042,0.29423832893371593
2022-08-24,10.01749038696288,0.7124347738954756,0.20962291546298156,15.0,18.0,0.1386278205447728,0.16535083452860516,0.30397865507337785
2022-08-25,7.38639831542967,0.5248702536092864,0.21010744493859057,15.0,18.0,0.10220574008093941,0.12174367904663086,0.22394941912757024
2022-08-26,9.221220016479489,0.6551604335374304,0.2058066537695504,15.0,18.0,0.12744632032182485,0.1520947615305583,0.27954108185238313
2022-08-27,15.958404541015609,1.1392494072847899,0.20749781431571654,15.0,18.0,0.22131833765241837,0.2647717793782552,0.4860901170306736
2022-08-28,6.99691772460936,0.4967447566588721,0.20563214327630094,15.0,18.0,0.09677211443583171,0.11517683664957681,0.2119489510854085
2022-08-29,10.28461456298827,0.7324095095594725,0.20595587125592946,15.0,18.0,0.14238059520721438,0.1701207955678304,0.31250139077504474
2022-08-30,6.19132518768309,0.43999939623806217,0.20762880055547756,15.0,18.0,0.08566213978661433,0.10207494099934897,0.1877370807859633
2022-08-31,13.44923973083495,0.9598227652642464,0.20735405233460563,15.0,18.0,0.18646948867373994,0.22306362787882486,0.40953311655256486
2022-09-01,7.98518657684325,0.5683010896709231,0.20698719082152411,15.0,18.0,0.11057919926113555,0.1319011052449544,0.24248030450609
2022-09-02,8.52768421173094,0.6068677316970296,0.20624195530914025,15.0,18.0,0.11806256241268584,0.14087319374084473,0.25893575615353054
2022-09-03,6.64842128753661,0.47239181175496847,0.2062739851092411,15.0,18.0,0.09193287955390082,0.10962526003519696,0.20155813958909774
2022-09-04,7.11286067962645,0.5054673378070197,0.20635265421120952,15.0,18.0,0.09839932123819989,0.11727134386698405,0.21567066510518396
2022-09-05,6.62298202514647,0.47039897918038903,0.20743421024834727,15.0,18.0,0.09163452519310847,0.10907332102457686,0.20070784621768528
2022-09-06,6.69379234313963,0.4751987581120597,0.2053258001056139,15.0,18.0,0.0925527678595649,0.11020302772521973,0.20275579558478463
2022-09-07,7.40714073181151,0.5265433389213351,0.20681743751319787,15.0,18.0,0.10250078307257758,0.12216250101725262,0.22466328408983027
2022-09-08,8.7905168533325,0.6247332219481471,0.20742103218122798,15.0,18.0,0.12165606021881104,0.14490246772766113,0.2665585279464723
2022-09-09,7.137989997863751,0.5076695582734215,0.2076328896337963,15.0,18.0,0.09880529509650338,0.11780500411987305,0.21661029921637645
2022-09-10,6.9433212280273295,0.49367192337910326,0.20819304453763124,15.0,18.0,0.09609758853912354,0.11454025904337564,0.21063784758249918
2022-09-11,13.664960861206051,0.9746539160807929,0.2063631180871296,15.0,18.0,0.1894096533457438,0.2264515558878581,0.4158612092336019
2022-09-12,7.134556770324689,0.5070223028924731,0.20640525907815915,15.0,18.0,0.0986860858069526,0.11764804522196455,0.2163341310289171
2022-09-13,6.80060386657713,0.48317334796984984,0.2070174423014382,15.0,18.0,0.09403725465138754,0.11212110519409181,0.20615835984547934
2022-09-14,7.5939893722534,0.5399062910212411,0.2064880338331766,15.0,18.0,0.10509623421563043,0.12526869773864746,0.23036493195427787
2022-09-15,7.08370208740233,0.5036258419222304,0.2074396976570821,15.0,18.0,0.09801652696397573,0.11686841646830241,0.21488494343227812
2022-09-16,10.71979999542235,0.764045396844546,0.20705337512176333,15.0,18.0,0.14851689338684082,0.17748276392618817,0.32599965731302893
2022-09-17,7.6841831207275195,0.5465146598087418,0.2051834254883233,15.0,18.0,0.10634428924984404,0.1268402735392254,0.23318456278906932
2022-09-18,8.466911315917951,0.6017323733568193,0.2057358504273824,15.0,18.0,0.11717478434244792,0.1395698388417562,0.25674462318420416
2022-09-19,8.877801895141591,0.6320420855879784,0.20745660383031628,15.0,18.0,0.12293756008148196,0.1467394828796387,0.26967704296112066
2022-09-20,6.8778038024902095,0.4883507701489661,0.20789372191847766,15.0,18.0,0.0950737131966485,0.11329372723897302,0.2083674404356215
2022-09-21,7.050514221191389,0.5015055760939917,0.20784764852944582,15.0,18.0,0.09759863217671712,0.11638164520263673,0.21398027737935388
2022-09-22,8.71205329895018,0.6174080605109534,0.20247995553308856,15.0,18.0,0.1201748847961426,0.14325817426045742,0.26343305905659997
2022-09-23,6.927776336669909,0.49197369289398196,0.20531443017087722,15.0,18.0,0.09576280911763509,0.11415044466654461,0.20991325378417974
2022-09-24,6.72740936279296,0.47750016231669323,0.20597407970699894,15.0,18.0,0.09298357698652479,0.11075417200724286,0.20373774899376762
2022-09-25,6.79860115051268,0.48337590630849225,0.20764158450320525,15.0,18.0,0.09408990542093913,0.11215488115946455,0.20624478658040368
2022-09-26,6.76538944244384,0.48051913525660833,0.2069397302110974,15.0,18.0,0.09357631206512451,0.1114495595296224,0.20502587159474694
2022-09-27,13.341069221496571,0.9517073934806718,0.20821896332509365,15.0,18.0,0.18493963612450492,0.22113084793090823,0.4060704840554132
2022-09-28,8.960199356079091,0.637287958516015,0.20543190223936852,15.0,18.0,0.12395713064405654,0.14795819918314618,0.2719153298272027
2022-09-29,8.508086204528801,0.6051167273918788,0.2070885473266785,15.0,18.0,0.11775096257527672,0.14043768246968588,0.2581886450449626
2022-09-30,6.88261985778807,0.4879097983174855,0.20317273266499553,15.0,18.0,0.0949892732832167,0.11319001515706384,0.2081792884402805
2022-10-01,7.07449913024902,0.5030147521297137,0.20802856227224226,15.0,18.0,0.09791950384775798,0.11670470237731934,0.21462420622507733
2022-10-02,9.52062606811522,0.6781533660557536,0.2074780826032468,15.0,18.0,0.13187295860714385,0.15747865041097003,0.28935160901811396
2022-10-03,8.64856243133544,0.615945604827669,0.2075753567905918,15.0,18.0,0.11978215641445582,0.1430269082387289,0.2628090646531848
2022-10-04,6.39059543609618,0.45398011246654735,0.20745231765577515,15.0,18.0,0.08840792708926731,0.10529438654581706,0.1937023136350844
2022-10-05,6.1107397079467605,0.433480432510376,0.20583593966522906,15.0,18.0,0.08447567621866864,0.10047992070515951,0.18495559692382812
2022-10-06,7.65950679779051,0.5430922775798376,0.20751758337027343,15.0,18.0,0.1057459248436822,0.1259783903757731,0.2317243152194553
2022-10-07,12.150669097900371,0.8650954656998318,0.20761933421095288,15.0,18.0,0.16832351684570312,0.20079175631205246,0.3691152731577555
2022-10-08,7.26118087768554,0.5170917029711937,0.20773704049235783,15.0,18.0,0.10056926144493954,0.12006123860677084,0.22063050005171037
2022-10-09,7.0307970046997,0.4996347441739507,0.20696233956567123,15.0,18.0,0.09727047549353705,0.11591156323750812,0.21318203873104521
2022-10-10,7.5092315673828,0.12031261325763945,0.14260393477413136,15.0,18.0,0.10388063059912787,0.1238850752512614,0.22776570585038927
2022-10-11,6.58867359161376,0.46754422595103584,0.2070373408310801,15.0,18.0,0.09111662705739339,0.10837316513061523,0.19948979218800866
2022-10-12,6.50572776794432,0.4616268837716845,0.20435806888289582,15.0,18.0,0.08988645341661242,0.10707855224609378,0.1969650056627062
2022-10-13,7.14693069458006,0.5078991243905493,0.20766212371069895,15.0,18.0,0.09888178772396514,0.11782646179199222,0.21670824951595735
2022-10-14,6.1310052871704,0.43556965491506777,0.20756881358801027,15.0,18.0,0.08481674724155003,0.10103027025858562,0.18584701750013566
2022-10-15,6.30972385406493,0.4307014427013647,0.14864026157651308,15.0,18.0,0.08732146686977811,0.10403871536254883,0.19136018223232698
2022-10-16,6.3130140304565305,0.4484979990853204,0.20809736093943115,15.0,18.0,0.08732411596510145,0.10403911272684735,0.1913632286919488
2022-10-17,6.4260482788085795,0.45623588283856714,0.20615085324841545,15.0,18.0,0.08886456489562988,0.10580023129781088,0.19466479619344076
2022-10-18,6.26170635223387,0.44356783777475356,0.20729910405777885,15.0,18.0,0.08643170197804768,0.10282794634501138,0.18925964832305908
2022-10-19,7.534003257751449,0.534642723341783,0.20550716265823024,15.0,18.0,0.10418593883514404,0.1239331563313802,0.22811909516652426
2022-10-20,7.258892059326159,0.5158625386158626,0.2073821987130403,15.0,18.0,0.10043780008951823,0.11966824531555179,0.22010604540507
2022-10-21,6.96918964385985,0.49452949795458057,0.20767410590751995,15.0,18.0,0.09627872043185765,0.11472503344217938,0.21100375387403703
2022-10-22,6.933689117431621,0.4926066683000989,0.20646223665261468,15.0,18.0,0.09589857525295684,0.11428475379943848,0.21018332905239534
2022-10-23,8.96329879760741,0.6366001914673383,0.20473279482936418,15.0,18.0,0.12392832173241512,0.14769355456034344,0.2716218762927586
2022-10-24,7.053589820861791,0.5016303706566493,0.20775080422118908,15.0,18.0,0.0976264476776123,0.1164070765177409,0.2140335241953532
2022-10-25,7.353734970092759,0.5229138970573743,0.20756380764372218,15.0,18.0,0.10179777940114339,0.12131690979003906,0.2231146891911825
2022-10-26,11.60259246826171,0.8266852825284006,0.2064073270817351,15.0,18.0,0.1606971025466919,0.19202947616577148,0.3527265787124633
2022-10-27,11.52179241180418,0.820436707019806,0.20755956224499703,15.0,18.0,0.15960534413655603,0.19045511881510419,0.3500604629516602
2022-10-28,13.83459568023681,0.9858605919811461,0.2059747594432219,15.0,18.0,0.19162628385755753,0.22901654243469244,0.4206428262922499
2022-10-29,8.630776405334451,0.6142551351984342,0.20801966247659695,15.0,18.0,0.11950433254241943,0.14258344968159992,0.2620877822240194
2022-10-30,9.07590389251708,0.6459192719989354,0.2063668549543649,15.0,18.0,0.12563996844821507,0.1499581336975098,0.2755981021457249
2022-10-31,9.47039127349852,0.6744076665706107,0.20649559770962367,15.0,18.0,0.13115968969133168,0.15659372011820477,0.28775340980953645
2022-11-01,12.127161026000959,0.8639651746484971,0.20569559466499354,15.0,18.0,0.1679552925957574,0.2006777127583822,0.3686330053541396
2022-11-02,8.897018432617179,0.6329283753302362,0.20727716838481508,15.0,18.0,0.12311504946814643,0.1469401518503825,0.2700552013185289
2022-11-03,6.75354003906249,0.4786304533680282,0.201947790507123,15.0,18.0,0.09320875008900963,0.11101126670837404,0.20422001679738364
2022-11-04,8.33599567413329,0.5926219046314557,0.20648383001551585,15.0,18.0,0.11525253454844156,0.1376048723856608,0.25285740693410236
2022-11-05,7.06520080566405,0.5020881059368452,0.2074030635284408,15.0,18.0,0.09772678216298422,0.11650204658508301,0.21422882874806723
2022-11-06,8.67166519165038,0.6169940964579583,0.2081178263112617,15.0,18.0,0.1200626293818156,0.14319380124409994,0.2632564306259155
2022-11-07,7.71794319152831,0.5484134308099747,0.20683537603501728,15.0,18.0,0.10675986607869466,0.12723485628763836,0.23399472236633298
2022-11-08,8.24551582336424,0.586477169374625,0.207383901328281,15.0,18.0,0.11414587497711182,0.1360897223154704,0.2502355972925824
2022-11-09,9.189414978027331,0.6540663080745275,0.20671490807186577,15.0,18.0,0.12720558378431532,0.15186866124471027,0.2790742450290256
2022-11-10,10.738587379455549,0.7649756130311226,0.20431699076615006,15.0,18.0,0.14866027567121723,0.17773628234863287,0.32639655801985007
2022-11-11,7.35609531402587,0.5232313160631392,0.20749517404709822,15.0,18.0,0.10182791286044651,0.12142221132914228,0.22325012418958878
2022-11-12,7.695555686950671,0.5469186899662019,0.20640756719186532,15.0,18.0,0.10647177696228027,0.12688517570495608,0.2333569526672364
2022-11-13,6.23738765716552,0.44356923472881327,0.20762721586426222,15.0,18.0,0.08631547292073567,0.10294477144877116,0.18926024436950686
2022-11-14,6.101703643798819,0.4334073252479236,0.18040773308546237,15.0,18.0,0.0843832890192668,0.10054111480712892,0.1849244038263957
2022-11-15,7.58450031280516,0.5384228810270628,0.20740857920248446,15.0,18.0,0.10493695735931396,0.12479503949483237,0.22973199685414633
2022-11-16,7.01901912689207,0.49874441878663167,0.20789130770302688,15.0,18.0,0.09710358248816597,0.11569857597351074,0.2128021584616767
2022-11-17,8.5750102996826,0.6101592658956846,0.2056091257786402,15.0,18.0,0.11867185433705649,0.1416683197021484,0.260340174039205
2022-11-18,11.188483238220199,0.7975362839036517,0.2081244680657517,15.0,18.0,0.15504293971591526,0.18524646759033206,0.34028940730624735
2022-11-19,13.005399703979478,0.9265808464619854,0.1807005953908478,15.0,18.0,0.18015139632754862,0.21519819895426434,0.3953495952818129
2022-11-20,9.21952724456786,0.6557376859982809,0.20554802766526323,15.0,18.0,0.12755195299784344,0.15223542849222818,0.27978738149007165
2022-11-21,6.640887260437,0.4715764562355148,0.2073156459788122,15.0,18.0,0.09185042646196157,0.10935982068379721,0.20121024714575877
2022-11-22,7.471179962158179,0.5312021807101038,0.20704036121323388,15.0,18.0,0.10341174072689481,0.12323935826619467,0.22665109899308958
2022-11-23,12.07389831542967,0.8600085351003541,0.20502523699121145,15.0,18.0,0.16717943880293104,0.19976536432902026,0.36694480313195127
2022-11-24,11.1915349960327,0.7962316840291025,0.20555860929049324,15.0,18.0,0.15482008457183838,0.18491268157958982,0.33973276615142833
2022-11-25,7.201385498046861,0.5121964655121168,0.20731561155314507,15.0,18.0,0.0996917486190796,0.1188500722249349,0.2185418208440145
2022-11-26,10.31572818756101,0.7347855731977357,0.20810663563920478,15.0,18.0,0.14287067784203422,0.17064452171325684,0.31351519955529106
2022-11-27,8.26950073242186,0.588746754070123,0.20747750492892966,15.0,18.0,0.11451939741770426,0.13668457667032877,0.251203974088033
2022-11-28,6.95917606353759,0.49412919300794605,0.20806110053677931,15.0,18.0,0.09626050790150961,0.11457244555155435,0.210832953453064
2022-11-29,6.18231296539305,0.4386975902716319,0.20627981886265856,15.0,18.0,0.08545120557149251,0.10173042615254721,0.1871816317240397
2022-11-30,6.5006971359252805,0.46186684943570033,0.20748210232501124,15.0,18.0,0.08993877304924859,0.10712862014770508,0.19706739319695368
2022-12-01,7.44268894195555,0.5290451284249623,0.2078270287984934,15.0,18.0,0.1029809315999349,0.12274980545043945,0.22573073705037439
2022-12-02,9.82789993286131,0.6997448432180616,0.2069416726528991,15.0,18.0,0.1360648208194309,0.16249934832255047,0.29856416914198136
2022-12-03,8.07588100433348,0.574242645720641,0.2053682126356594,15.0,18.0,0.11172195275624594,0.13329346974690756,0.24501542250315356
2022-12-04,11.78500652313231,0.839895345767339,0.2073910283762175,15.0,18.0,0.16331275304158532,0.1950502395629883,0.3583629926045736
2022-12-05,7.3467969894409,0.5212552469372751,0.2064698786455835,15.0,18.0,0.1015235980351766,0.12088338534037275,0.22240698337554943
2022-12-06,7.627630233764631,0.5414997499518927,0.20679440194951582,15.0,18.0,0.1054558489057753,0.1255889733632406,0.23104482226901585
2022-12-07,6.51025772094725,0.4624139897757107,0.20716531800413107,15.0,18.0,0.09001923931969535,0.10728160540262861,0.19730084472232395
2022-12-08,9.28046703338621,0.6604027364717591,0.20740870783427995,15.0,18.0,0.12849138842688668,0.15328645706176758,0.2817778454886542
2022-12-09,6.89620971679686,0.48929619761308046,0.20647947341495748,15.0,18.0,0.09526610374450684,0.11350472768147786,0.2087708314259847
2022-12-10,6.2555789947509695,0.44457317904631294,0.20845827279736437,15.0,18.0,0.08655389149983725,0.10313471158345541,0.18968860308329263
2022-12-11,8.75353813171385,0.6223700413306554,0.2062676716562646,15.0,18.0,0.12103120485941578,0.14451901117960614,0.26555021603902185
2022-12-12,6.81607723236082,0.48443960921631923,0.20866707219378428,15.0,18.0,0.09431607193417023,0.1123825709025065,0.20669864283667674
2022-12-13,9.51499938964842,0.6771087548534077,0.20731315623932536,15.0,18.0,0.13175706068674722,0.15714883804321295,0.28890589872996014
2022-12-14,11.325526237487779,0.8068631252911356,0.20816887663867284,15.0,18.0,0.15685723887549508,0.1874117056528727,0.3442689445283678
2022-12-15,7.198596000671371,0.50937415266037,0.20500964528776947,15.0,18.0,0.09933908780415854,0.11799852053324382,0.21733760833740234
2022-12-16,6.9732904434203995,0.4956591681374444,0.20686966040753715,15.0,18.0,0.09652508629692928,0.1149606704711914,0.21148575676812065
2022-12-17,7.58523941040038,0.537952883594566,0.20511185740867616,15.0,18.0,0.10475152068667944,0.12477993965148926,0.22953146033816868
2022-12-18,8.84821414947509,0.629773276978069,0.20721194241263127,15.0,18.0,0.12254052691989475,0.14616847038269043,0.26870899730258524
2022-12-19,8.42630863189696,0.5992153725756542,0.20753983617712107,15.0,18.0,0.11659595701429581,0.13907472292582196,0.2556706799401177
2022-12-20,10.67087650299071,0.7600927929414646,0.20601125438010365,15.0,18.0,0.14782183700137672,0.1764913400014242,0.3243131770028009
2022-12-21,8.91671180725097,0.6342370108498468,0.2073256460249956,15.0,18.0,0.123416715198093,0.14719684918721515,0.27061356438530815
2022-12-22,10.40036678314207,0.7408689976930619,0.20746039959405638,15.0,18.0,0.14406243960062665,0.17204840977986657,0.3161108493804932
2022-12-23,8.03077220916747,0.5704472767578233,0.20525192304628065,15.0,18.0,0.11102921432918977,0.13236681620279947,0.24339603053198927
2022-12-24,12.561893463134759,0.8958969057599704,0.20761579081754206,15.0,18.0,0.17412801583607992,0.2081294854482015,0.38225750128428143
2022-12-25,9.10012722015379,0.6467481314076319,0.20561107011024365,15.0,18.0,0.12580288781060112,0.15014886856079107,0.27595175637139213
2022-12-26,7.75611400604247,0.5512996931142278,0.20840091449575157,15.0,18.0,0.10733769999610053,0.12788852055867517,0.23522622055477568
2022-12-27,8.17451477050779,0.580691761745347,0.20777116906248794,15.0,18.0,0.11306736204359268,0.1346997419993083,0.24776710404290103
2022-12-28,8.61289501190184,0.6122239639957746,0.20737973453729575,15.0,18.0,0.11915663878122967,0.14206449190775552,0.2612211306889852
2022-12-29,6.53681755065917,0.4639611940052774,0.20527515339991131,15.0,18.0,0.09032852119869658,0.10763247807820642,0.197960999276903
2022-12-30,6.71100616455076,0.4756488877534867,0.20687301078825382,15.0,18.0,0.09267926216125491,0.11026859283447266,0.2029478549957276
2022-12-31,6.6124916076660005,0.4693214619490836,0.20567009210031548,15.0,18.0,0.0913980934354994,0.10885000228881836,0.2002480957243178
