,project_name,duration,emissions,emissions_rate,cpu_energy,cpu_power,ram_power,ram_energy,energy_consumed,longitude,latitude,date
0,Project Excecuter DataLoad,0.3267765045166,0.02218130220969518,0.06787912197820906,0.004417697588602702,5.0,6.0,0.005046526590983073,0.009464224179585777,19.8184,41.3253,2022-01-01
2,Project Excecuter DataLoad,0.53529739379882,0.036595074196656543,0.06836400591632522,0.0072707732518513995,5.0,6.0,0.008343458175659181,0.015614231427510582,19.8184,41.3253,2022-01-02
4,Project Excecuter DataLoad,0.72078704833984,0.04883844522635144,0.06775710709402843,0.009719530741373699,5.0,6.0,0.011118650436401367,0.020838181177775073,19.8184,41.3253,2022-01-03
7,Project Excecuter DataLoad,0.22258758544920998,0.014778066562281715,0.06639214191778539,0.002985861566331651,5.0,6.0,0.003319581349690755,0.006305442916022406,19.8184,41.3253,2022-01-04
10,Project Excecuter DataLoad,0.18198490142822002,0.011993005818790859,0.06590110346885598,0.002430544959174262,5.0,6.0,0.0026865800221761065,0.005117124981350368,19.8184,41.3253,2022-01-05
13,Project Excecuter DataLoad,0.22928714752197002,0.015052024775081208,0.06564704972675701,0.003070963753594292,5.0,6.0,0.0033513704935709634,0.006422334247165255,19.8184,41.3253,2022-01-06
16,Project Excecuter DataLoad,0.20442008972167003,0.013444906738069322,0.06577096583987768,0.0027265813615587023,5.0,6.0,0.003010034561157226,0.005736615922715928,19.8184,41.3253,2022-01-07
19,Project Excecuter DataLoad,0.29349327087402,0.0194546031024721,0.06628636848993594,0.0039305951860215925,5.0,6.0,0.0043702125549316415,0.008300807740953235,19.8184,41.3253,2022-01-08
22,Project Excecuter DataLoad,0.34530162811279,0.022909891360335884,0.06634747564194036,0.004641546143425835,5.0,6.0,0.0051335493723551435,0.00977509551578098,19.8184,41.3253,2022-01-09
25,Project Excecuter DataLoad,0.23050308227539001,0.015165488488144347,0.06579299651197537,0.003079242176479764,5.0,6.0,0.003391504287719726,0.006470746464199492,19.8184,41.3253,2022-01-10
28,Project Excecuter DataLoad,0.20649433135985998,0.013517082697815368,0.0654598245327073,0.002747442987230089,5.0,6.0,0.003019968668619792,0.005767411655849881,19.8184,41.3253,2022-01-11
31,Project Excecuter DataLoad,0.20327568054199002,0.013333305630418988,0.0655922321591472,0.0027024083667331273,5.0,6.0,0.0029865900675455728,0.0056889984342787005,19.8184,41.3253,2022-01-12
34,Project Excecuter DataLoad,0.20496845245360998,0.013175915473037298,0.0642826508924302,0.0027024083667331273,5.0,6.0,0.002919435501098633,0.005621843867831759,19.8184,41.3253,2022-01-13
37,Project Excecuter DataLoad,0.22950172424315998,0.015092381225691903,0.06576151562896786,0.0030762619442409943,5.0,6.0,0.0033632914225260407,0.006439553366767036,19.8184,41.3253,2022-01-14
40,Project Excecuter DataLoad,0.21228790283203,0.013888982911904654,0.06542522078092243,0.002836187680562337,5.0,6.0,0.0030899047851562504,0.005926092465718588,19.8184,41.3253,2022-01-15
43,Project Excecuter DataLoad,0.20821094512939003,0.013707223667038814,0.06583334828301338,0.0027789009941948783,5.0,6.0,0.003069639205932617,0.005848540200127496,19.8184,41.3253,2022-01-16
46,Project Excecuter DataLoad,0.20370483398437,0.013319025655587515,0.06538394497112987,0.0027110179265340166,5.0,6.0,0.0029718875885009766,0.005682905515034993,19.8184,41.3253,2022-01-17
49,Project Excecuter DataLoad,0.23021697998045998,0.015161297625965542,0.06585655683282703,0.003072288301255968,5.0,6.0,0.0033966700236002603,0.006468958324856228,19.8184,41.3253,2022-01-18
52,Project Excecuter DataLoad,0.21572113037109003,0.014237910992569394,0.06600146665315848,0.002884533670213487,5.0,6.0,0.0031904379526774087,0.006074971622890896,19.8184,41.3253,2022-01-19
55,Project Excecuter DataLoad,0.21140575408935,0.013930270665221746,0.06589352652782479,0.00282360447777642,5.0,6.0,0.0031201044718424478,0.0059437089496188695,19.8184,41.3253,2022-01-20
58,Project Excecuter DataLoad,0.21612644195556,0.014171633283297222,0.0655710294171723,0.002874930699666341,5.0,6.0,0.003171761830647787,0.006046692530314129,19.8184,41.3253,2022-01-21
61,Project Excecuter DataLoad,0.41940212249755,0.027528066264258497,0.06563644957332983,0.005573696560329861,5.0,6.0,0.006171862284342448,0.01174555884467231,19.8184,41.3253,2022-01-22
64,Project Excecuter DataLoad,0.22621154785155997,0.014817336493068274,0.06550212238851418,0.003005398644341363,5.0,6.0,0.003316799799601236,0.006322198443942601,19.8184,41.3253,2022-01-23
67,Project Excecuter DataLoad,0.25491714477539,0.016503925694359677,0.06474231346385668,0.0033670001559787327,5.0,6.0,0.0036748250325520835,0.007041825188530817,19.8184,41.3253,2022-01-24
70,Project Excecuter DataLoad,0.2342939376831,0.015017721792062127,0.06409778221566434,0.003042817115783692,5.0,6.0,0.0033648808797200522,0.006407697995503744,19.8184,41.3253,2022-01-25
73,Project Excecuter DataLoad,0.22311210632324002,0.014415479375256435,0.06461092413502413,0.002916985087924532,5.0,6.0,0.003233750661214192,0.006150735749138727,19.8184,41.3253,2022-01-26
76,Project Excecuter DataLoad,0.26729106903076,0.017757303920057088,0.06643433312024898,0.003581908014085556,5.0,6.0,0.00399470329284668,0.007576611306932238,19.8184,41.3253,2022-01-27
79,Project Excecuter DataLoad,0.21708011627197002,0.014330420394738514,0.06601443117334797,0.0028997659683227543,5.0,6.0,0.003214677174886068,0.0061144431432088205,19.8184,41.3253,2022-01-28
82,Project Excecuter DataLoad,0.23059844970703,0.014935146285427942,0.06476689806198879,0.003054075770907932,5.0,6.0,0.003318389256795247,0.006372465027703179,19.8184,41.3253,2022-01-29
85,Project Excecuter DataLoad,0.22897720336914001,0.01456200433439679,0.06359586945832758,0.002950098779466417,5.0,6.0,0.003263155619303385,0.006213254398769803,19.8184,41.3253,2022-01-30
88,Project Excecuter DataLoad,0.22990703582763,0.015202895813518103,0.06612627473008634,0.003074937396579318,5.0,6.0,0.0034117698669433594,0.006486707263522678,19.8184,41.3253,2022-01-31
91,Project Excecuter DataLoad,0.29280185699462,0.01950675605403053,0.06662101208732552,0.003912713792588976,5.0,6.0,0.004410346349080404,0.008323060141669381,19.8184,41.3253,2022-02-01
94,Project Excecuter DataLoad,0.23269653320312,0.015281590892208948,0.0656717600466758,0.003095799022250705,5.0,6.0,0.003424485524495442,0.006520284546746148,19.8184,41.3253,2022-02-02
97,Project Excecuter DataLoad,0.19667148590087002,0.012491097549597423,0.06351249898977655,0.0025580326716105146,5.0,6.0,0.002771615982055664,0.005329648653666179,19.8184,41.3253,2022-02-03
100,Project Excecuter DataLoad,0.19950866699218,0.013071764787038169,0.06551978409815172,0.002654393513997396,5.0,6.0,0.0029230117797851562,0.005577405293782553,19.8184,41.3253,2022-02-04
103,Project Excecuter DataLoad,0.21049976348875998,0.013838537348641293,0.06574134392972654,0.0028027428521050345,5.0,6.0,0.003101825714111328,0.005904568566216363,19.8184,41.3253,2022-02-05
106,Project Excecuter DataLoad,0.21440982818603,0.014082073006365036,0.06567829994316568,0.002855393621656629,5.0,6.0,0.0031530857086181636,0.006008479330274794,19.8184,41.3253,2022-02-06
109,Project Excecuter DataLoad,0.19738674163817999,0.012846079097853767,0.06508075968648927,0.002629227108425564,5.0,6.0,0.0028518835703531904,0.0054811106787787545,19.8184,41.3253,2022-02-07
112,Project Excecuter DataLoad,0.21886825561523,0.014130035095744667,0.06455954544904383,0.002894136640760633,5.0,6.0,0.0031348069508870444,0.006028943591647679,19.8184,41.3253,2022-02-08
115,Project Excecuter DataLoad,0.22680759429931,0.014949426260259418,0.06591237082004743,0.0030236111746893986,5.0,6.0,0.003354946772257487,0.006378557946946885,19.8184,41.3253,2022-02-09
118,Project Excecuter DataLoad,0.23181438446043998,0.015258773975902135,0.06582324048361846,0.003098779254489475,5.0,6.0,0.0034117698669433594,0.006510549121432834,19.8184,41.3253,2022-02-10
121,Project Excecuter DataLoad,0.23722648620605,0.015448294076654647,0.0651204438581798,0.003147456381056044,5.0,6.0,0.0034439563751220703,0.006591412756178114,19.8184,41.3253,2022-02-11
124,Project Excecuter DataLoad,0.23078918457030997,0.015184269759390088,0.06579281341827366,0.003088845147026908,5.0,6.0,0.003389914830525716,0.006478759977552626,19.8184,41.3253,2022-02-12
127,Project Excecuter DataLoad,0.2253770828247,0.014589788198471072,0.06473501216545013,0.0029802322387695312,5.0,6.0,0.003244876861572266,0.006225109100341797,19.8184,41.3253,2022-02-13
130,Project Excecuter DataLoad,0.22020339965820002,0.014211989733907913,0.06454028301092345,0.002862347496880425,5.0,6.0,0.003201564153035482,0.006063911649915907,19.8184,41.3253,2022-02-14
133,Project Excecuter DataLoad,0.21259784698485998,0.013879514667722916,0.06528530210708636,0.002840492460462782,5.0,6.0,0.0030815601348876953,0.005922052595350477,19.8184,41.3253,2022-02-15
136,Project Excecuter DataLoad,0.19891262054442999,0.013051586561732824,0.0656146730459334,0.0026418103112114803,5.0,6.0,0.0029269854227701826,0.005568795733981663,19.8184,41.3253,2022-02-16
139,Project Excecuter DataLoad,0.21619796752929,0.014261814428700342,0.06596645931358137,0.0028832091225518123,5.0,6.0,0.0032019615173339844,0.006085170639885796,19.8184,41.3253,2022-02-17
142,Project Excecuter DataLoad,0.2065896987915,0.013566596958372331,0.06566928088735015,0.002757045957777235,5.0,6.0,0.003031492233276367,0.005788538191053603,19.8184,41.3253,2022-02-18
145,Project Excecuter DataLoad,0.23009777069090998,0.015227885769473183,0.06618006651584754,0.003075268533494737,5.0,6.0,0.0034221013387044272,0.006497369872199165,19.8184,41.3253,2022-02-19
148,Project Excecuter DataLoad,0.29299259185791,0.01932453115781149,0.0659556988634823,0.003931919733683269,5.0,6.0,0.0043133894602457685,0.008245309193929039,19.8184,41.3253,2022-02-20
151,Project Excecuter DataLoad,0.22330284118652002,0.01459739383724001,0.06537039009300781,0.0029818879233466248,5.0,6.0,0.0032464663187662763,0.006228354242112901,19.8184,41.3253,2022-02-21
154,Project Excecuter DataLoad,0.21538734436035,0.014207954088846841,0.06596466533835142,0.002878904342651367,5.0,6.0,0.0031832853953043623,0.0060621897379557295,19.8184,41.3253,2022-02-22
157,Project Excecuter DataLoad,0.22170543670654003,0.014423550665378568,0.06505727094311217,0.0029375155766805,5.0,6.0,0.00321666399637858,0.006154179573059082,19.8184,41.3253,2022-02-23
160,Project Excecuter DataLoad,0.3188133239746,0.02114569360017777,0.06632625430002995,0.004280606905619304,5.0,6.0,0.004741748174031576,0.00902235507965088,19.8184,41.3253,2022-02-24
163,Project Excecuter DataLoad,0.22459030151367002,0.014616640759838956,0.06508135329676815,0.0029984447691175677,5.0,6.0,0.003238121668497721,0.0062365664376152884,19.8184,41.3253,2022-02-25
166,Project Excecuter DataLoad,0.22299289703369002,0.014738951848612892,0.06609605976097983,0.002985861566331651,5.0,6.0,0.0033028920491536442,0.006288753615485297,19.8184,41.3253,2022-02-26
169,Project Excecuter DataLoad,0.25920867919921,0.017260764360427856,0.06659022534952175,0.003474950790405273,5.0,6.0,0.003889799118041992,0.007364749908447266,19.8184,41.3253,2022-02-27
172,Project Excecuter DataLoad,0.23977756500244002,0.015531180017524295,0.06477328276048747,0.003197126918368869,5.0,6.0,0.0034296512603759766,0.006626778178744845,19.8184,41.3253,2022-02-28
175,Project Excecuter DataLoad,1.27990245819091,0.0871227473153008,0.06806983357032126,0.017419788572523333,5.0,6.0,0.019753376642862964,0.03717316521538629,19.8184,41.3253,2022-03-01
178,Project Excecuter DataLoad,0.17111301422119,0.011049751394324831,0.0645757509714675,0.002229544851515028,5.0,6.0,0.002485116322835286,0.004714661174350314,19.8184,41.3253,2022-03-02
181,Project Excecuter DataLoad,0.21328926086425,0.013480917109383482,0.06320485642248555,0.0027471118503146702,5.0,6.0,0.003004868825276693,0.0057519806755913635,19.8184,41.3253,2022-03-03
184,Project Excecuter DataLoad,0.24449825286865,0.016271100017759537,0.06654894187117397,0.0032875272962782118,5.0,6.0,0.003654956817626953,0.0069424841139051644,19.8184,41.3253,2022-03-04
187,Project Excecuter DataLoad,0.21770000457763,0.014353702962398528,0.06593340680100757,0.0028997659683227543,5.0,6.0,0.003224611282348633,0.006124377250671388,19.8184,41.3253,2022-03-05
190,Project Excecuter DataLoad,0.28791427612304,0.01861565458112293,0.06465693480641126,0.0037613842222425672,5.0,6.0,0.004181464513142903,0.00794284873538547,19.8184,41.3253,2022-03-06
193,Project Excecuter DataLoad,0.22850036621093,0.015009650501939989,0.0656876430914951,0.00304612848493788,5.0,6.0,0.003358125686645508,0.006404254171583389,19.8184,41.3253,2022-03-07
196,Project Excecuter DataLoad,0.2460241317749,0.016194577978716953,0.06582516057219154,0.003277924325731065,5.0,6.0,0.0036319096883138022,0.006909834014044867,19.8184,41.3253,2022-03-08
199,Project Excecuter DataLoad,0.28321743011474,0.018369325015279984,0.06485944388322999,0.0037544303470187714,5.0,6.0,0.00408331553141276,0.00783774587843153,19.8184,41.3253,2022-03-09
202,Project Excecuter DataLoad,0.25022029876708,0.016367024196518795,0.06541045741358319,0.003343158298068576,5.0,6.0,0.0036402543385823565,0.006983412636650933,19.8184,41.3253,2022-03-10
205,Project Excecuter DataLoad,0.2748966217041,0.018062305556403268,0.06570581131348176,0.0036584006415473084,5.0,6.0,0.004048347473144532,0.007706748114691841,19.8184,41.3253,2022-03-11
208,Project Excecuter DataLoad,0.23460388183593,0.015118612918588847,0.06444314902326106,0.003064009878370497,5.0,6.0,0.0033867359161376953,0.006450745794508192,19.8184,41.3253,2022-03-12
211,Project Excecuter DataLoad,0.27277469635009,0.017828393359978992,0.06535941052646912,0.0036289294560750314,5.0,6.0,0.00397801399230957,0.007606943448384602,19.8184,41.3253,2022-03-13
214,Project Excecuter DataLoad,0.29349327087402,0.019387549307611246,0.06605790057766947,0.003920661078559028,5.0,6.0,0.004351536432902018,0.008272197511461046,19.8184,41.3253,2022-03-14
217,Project Excecuter DataLoad,0.29630661010742,0.01948067957825132,0.06574500505131785,0.003958410686916775,5.0,6.0,0.004353523254394532,0.008311933941311307,19.8184,41.3253,2022-03-15
220,Project Excecuter DataLoad,0.22618770599365,0.014395145932833357,0.06364247724956962,0.002930561701456706,5.0,6.0,0.0032114982604980473,0.006142059961954753,19.8184,41.3253,2022-03-16
223,Project Excecuter DataLoad,0.22437572479248,0.014755094428857168,0.06576065411043817,0.002987186113993327,5.0,6.0,0.003308455149332682,0.0062956412633260106,19.8184,41.3253,2022-03-17
226,Project Excecuter DataLoad,0.24280548095703,0.015940332339869606,0.06565062813672864,0.003226266966925727,5.0,6.0,0.0035750865936279293,0.006801353560553657,19.8184,41.3253,2022-03-18
229,Project Excecuter DataLoad,0.22718906402587002,0.014994594441519847,0.06600051153787855,0.0030345386928982204,5.0,6.0,0.0033632914225260407,0.006397830115424262,19.8184,41.3253,2022-03-19
232,Project Excecuter DataLoad,0.84350109100341,0.049941107630729675,0.05920692713191442,0.011213620503743488,5.0,6.0,0.01009504000345866,0.02130866050720215,19.8184,41.3253,2022-03-20
235,Project Excecuter DataLoad,0.2497911453247,0.015882436354955037,0.063582863733257,0.00321666399637858,5.0,6.0,0.003559986750284831,0.006776650746663412,19.8184,41.3253,2022-03-21
238,Project Excecuter DataLoad,0.23970603942871,0.0157062649263276,0.06552302546802821,0.003183219167921278,5.0,6.0,0.003518263498942057,0.0067014826668633344,19.8184,41.3253,2022-03-22
241,Project Excecuter DataLoad,0.22399425506590998,0.014595996883180407,0.06516237159245462,0.002961026297675238,5.0,6.0,0.0032667318979899087,0.006227758195665147,19.8184,41.3253,2022-03-23
244,Project Excecuter DataLoad,0.6927728652954099,0.04679966838492289,0.0675541302631227,0.009358260366651747,5.0,6.0,0.010610024134318035,0.019968284500969782,19.8184,41.3253,2022-03-24
247,Project Excecuter DataLoad,0.270676612854,0.017807283831967245,0.0657880399943236,0.003616346253289117,5.0,6.0,0.003981590270996095,0.007597936524285211,19.8184,41.3253,2022-03-25
250,Project Excecuter DataLoad,0.25198459625244,0.01625480222039753,0.06450712647575195,0.00332229667239719,5.0,6.0,0.0036132335662841797,0.006935530238681371,19.8184,41.3253,2022-03-26
253,Project Excecuter DataLoad,0.19237995147705,0.012665872024165258,0.06583779612646481,0.002562668588426377,5.0,6.0,0.0028415520985921225,0.005404220687018501,19.8184,41.3253,2022-03-27
256,Project Excecuter DataLoad,0.24399757385253,0.014101475146081715,0.0577935055805268,0.0028736061520046653,5.0,6.0,0.0031431516011555995,0.006016757753160265,19.8184,41.3253,2022-03-28
259,Project Excecuter DataLoad,0.24971961975097,0.01630152257283529,0.06527930239959268,0.003331899642944336,5.0,6.0,0.003623565038045247,0.006955464680989583,19.8184,41.3253,2022-03-29
262,Project Excecuter DataLoad,0.24209022521972,0.016011576996909246,0.06613888265160967,0.003237194485134548,5.0,6.0,0.003594557444254557,0.006831751929389105,19.8184,41.3253,2022-03-30
265,Project Excecuter DataLoad,0.22468566894530997,0.01484760383102629,0.06608166822887192,0.003008378876580132,5.0,6.0,0.0033267339070638022,0.006335112783643934,19.8184,41.3253,2022-03-31
268,Project Excecuter DataLoad,0.16679763793945002,0.010107428272565208,0.06059695087669146,0.0020543734232584634,5.0,6.0,0.0022582213083902998,0.004312594731648764,19.8184,41.3253,2022-04-01
271,Project Excecuter DataLoad,0.25310516357421,0.016658987594975368,0.06581844226220383,0.003377927674187554,5.0,6.0,0.0037300586700439453,0.0071079863442315,19.8184,41.3253,2022-04-02
274,Project Excecuter DataLoad,0.15830993652343,0.010376109103361765,0.06554300589859438,0.002107024192810058,5.0,6.0,0.0023202101389567043,0.004427234331766764,19.8184,41.3253,2022-04-03
277,Project Excecuter DataLoad,0.24919509887695002,0.016637567632728154,0.06676522815941661,0.0033540858162773982,5.0,6.0,0.003744761149088542,0.007098846965365941,19.8184,41.3253,2022-04-04
280,Project Excecuter DataLoad,0.21347999572753,0.013782193534904058,0.06455964872930783,0.0028236044777764204,5.0,6.0,0.003056923548380534,0.0058805280261569545,19.8184,41.3253,2022-04-05
283,Project Excecuter DataLoad,0.22280216217041,0.014452576266394724,0.06486730705665539,0.0029431449042426213,5.0,6.0,0.003223419189453125,0.006166564093695747,19.8184,41.3253,2022-04-06
286,Project Excecuter DataLoad,0.22699832916258997,0.014661032855510707,0.06458652321184749,0.002965331077575683,5.0,6.0,0.003290176391601562,0.006255507469177245,19.8184,41.3253,2022-04-07
289,Project Excecuter DataLoad,0.20310878753662,0.013102497776349389,0.06450975329655283,0.002672274907430013,5.0,6.0,0.002918243408203124,0.005590518315633139,19.8184,41.3253,2022-04-08
292,Project Excecuter DataLoad,0.21419525146484003,0.014130035095744667,0.06596801282526962,0.002862347496880425,5.0,6.0,0.003166596094767252,0.006028943591647679,19.8184,41.3253,2022-04-09
295,Project Excecuter DataLoad,0.25331974029541,0.016779125644101035,0.06623694475816994,0.0034057431750827358,5.0,6.0,0.0037535031636555987,0.0071592463387383344,19.8184,41.3253,2022-04-10
298,Project Excecuter DataLoad,0.19400119781494,0.012973822785748377,0.06687496227793482,0.0026110145780775277,5.0,6.0,0.0029246012369791665,0.005535615815056695,19.8184,41.3253,2022-04-11
301,Project Excecuter DataLoad,0.30789375305175,0.020251332567797767,0.06577376892863906,0.004112389352586535,5.0,6.0,0.004528363545735678,0.008640752898322213,19.8184,41.3253,2022-04-12
304,Project Excecuter DataLoad,0.27320384979247997,0.017841431597868603,0.06530446628559795,0.00360111395517985,5.0,6.0,0.004011392593383789,0.007612506548563641,19.8184,41.3253,2022-04-13
307,Project Excecuter DataLoad,0.24058818817138,0.01579737737443712,0.0656614836102578,0.00320540534125434,5.0,6.0,0.003534952799479166,0.006740358140733507,19.8184,41.3253,2022-04-14
310,Project Excecuter DataLoad,0.22227764129638,0.014622073358959623,0.06578292478577473,0.002961026297675238,5.0,6.0,0.003277858098347981,0.006238884396023221,19.8184,41.3253,2022-04-15
313,Project Excecuter DataLoad,0.31261444091796,0.020265457325511507,0.06482572355264052,0.004100137286716037,5.0,6.0,0.004546642303466797,0.008646779590182833,19.8184,41.3253,2022-04-16
316,Project Excecuter DataLoad,0.22768974304199002,0.014511093119780225,0.06373187006980804,0.002941489219665527,5.0,6.0,0.0032500425974527993,0.006191531817118327,19.8184,41.3253,2022-04-17
319,Project Excecuter DataLoad,0.24068355560302002,0.015922171937094793,0.06615396676022237,0.003215339448716905,5.0,6.0,0.003578265508015951,0.006793604956732857,19.8184,41.3253,2022-04-18
322,Project Excecuter DataLoad,0.24380683898925,0.015812433434857266,0.06485639820609775,0.003224942419264052,5.0,6.0,0.00352183977762858,0.006746782196892632,19.8184,41.3253,2022-04-19
325,Project Excecuter DataLoad,0.2490758895874,0.01640489717324575,0.06586304760537316,0.0033179918924967446,5.0,6.0,0.003681580225626628,0.006999572118123372,19.8184,41.3253,2022-04-20
328,Project Excecuter DataLoad,0.2432107925415,0.015522022207578026,0.06382127226088946,0.0031809012095133458,5.0,6.0,0.003441969553629557,0.006622870763142904,19.8184,41.3253,2022-04-21
331,Project Excecuter DataLoad,0.27070045471191,0.017742713510990146,0.06554371521049852,0.0035971403121948242,5.0,6.0,0.003973245620727539,0.007570385932922364,19.8184,41.3253,2022-04-22
334,Project Excecuter DataLoad,0.24702548980712002,0.01570424710379707,0.06357338716769083,0.003183550304836697,5.0,6.0,0.00351707140604655,0.006700621710883247,19.8184,41.3253,2022-04-23
337,Project Excecuter DataLoad,0.23679733276367002,0.015365873787138202,0.0648904006130577,0.003112687004937066,5.0,6.0,0.003443559010823568,0.006556246015760634,19.8184,41.3253,2022-04-24
340,Project Excecuter DataLoad,0.2281904220581,0.015030604812834001,0.06586869281045757,0.00304314825269911,5.0,6.0,0.003370046615600586,0.0064131948682996966,19.8184,41.3253,2022-04-25
343,Project Excecuter DataLoad,0.25637149810791,0.016464810980690855,0.06422247052502146,0.003388855192396376,5.0,6.0,0.0036362806955973293,0.007025135887993707,19.8184,41.3253,2022-04-26
346,Project Excecuter DataLoad,0.24189949035644,0.015551513459947377,0.06428915347044266,0.003183550304836697,5.0,6.0,0.003451903661092122,0.006635453965928821,19.8184,41.3253,2022-04-27
349,Project Excecuter DataLoad,0.22981166839599,0.015021291785769995,0.06536348606932486,0.0030391746097140847,5.0,6.0,0.003370046615600586,0.00640922122531467,19.8184,41.3253,2022-04-28
352,Project Excecuter DataLoad,0.278902053833,0.01761512504021327,0.06315882152219754,0.003579258918762207,5.0,6.0,0.0039366881052653,0.007515947024027506,19.8184,41.3253,2022-04-29
355,Project Excecuter DataLoad,0.22430419921875,0.014753697474797567,0.06577539576247167,0.002990166346232096,5.0,6.0,0.003304878870646159,0.006295045216878256,19.8184,41.3253,2022-04-30
358,Project Excecuter DataLoad,0.25260448455810003,0.016394187192122142,0.06490061813748624,0.0033448139826456704,5.0,6.0,0.003650188446044922,0.006995002428690593,19.8184,41.3253,2022-05-01
361,Project Excecuter DataLoad,0.24089813232420998,0.015777975234720444,0.06549646143991379,0.003218981954786512,5.0,6.0,0.003513097763061524,0.006732079717848036,19.8184,41.3253,2022-05-02
364,Project Excecuter DataLoad,0.27837753295898,0.018291406022177797,0.0657071920558791,0.0037180052863226994,5.0,6.0,0.004086494445800781,0.00780449973212348,19.8184,41.3253,2022-05-03
367,Project Excecuter DataLoad,0.24800300598144,0.016404741956128017,0.06614735128394113,0.0033163362079196507,5.0,6.0,0.0036831696828206377,0.006999505890740289,19.8184,41.3253,2022-05-04
370,Project Excecuter DataLoad,0.27251243591308,0.018077206399705677,0.0663353448041217,0.003644492891099718,5.0,6.0,0.004068613052368164,0.0077131059434678816,19.8184,41.3253,2022-05-05
373,Project Excecuter DataLoad,0.28920173645019004,0.0020080613190053397,0.006943462178523803,0.003932250870598687,5.0,6.0,0.004514853159586589,0.008447104030185277,-71.2,46.8,2022-05-06
376,Project Excecuter DataLoad,0.24898052215576,0.016271255234877272,0.06535151864087588,0.003320972124735514,5.0,6.0,0.003621578216552735,0.006942550341288249,19.8184,41.3253,2022-05-07
379,Project Excecuter DataLoad,0.25956630706787,0.016938067972660068,0.06525526430605309,0.0034441550572713213,5.0,6.0,0.003782908121744792,0.007227063179016113,19.8184,41.3253,2022-05-08
382,Project Excecuter DataLoad,0.16088485717773,0.010629733873738183,0.06607044354705922,0.002154045634799533,5.0,6.0,0.0023814042409261073,0.004535449875725641,19.8184,41.3253,2022-05-09
385,Project Excecuter DataLoad,0.5568027496337801,0.03664800323380365,0.06581864629423465,0.007316801283094617,5.0,6.0,0.008320013682047525,0.015636814965142146,19.8184,41.3253,2022-05-10
388,Project Excecuter DataLoad,0.2457857131958,0.0161581019560496,0.06574060691305332,0.0032762686411539716,5.0,6.0,0.0036180019378662114,0.006894270579020183,19.8184,41.3253,2022-05-11
391,Project Excecuter DataLoad,0.20220279693603,0.012682014604409535,0.06271928379121959,0.002577900886535645,5.0,6.0,0.002833207448323568,0.005411108334859213,19.8184,41.3253,2022-05-12
394,Project Excecuter DataLoad,0.25348663330078,0.01650703003671434,0.06511992297884792,0.003358390596177842,5.0,6.0,0.0036847591400146476,0.007043149736192492,19.8184,41.3253,2022-05-13
397,Project Excecuter DataLoad,0.28378963470458,0.01864328322807948,0.06569402454563276,0.0037997961044311523,5.0,6.0,0.0041548411051432295,0.007954637209574381,19.8184,41.3253,2022-05-14
400,Project Excecuter DataLoad,0.2946138381958,0.019076804637908926,0.06475189609128429,0.0038862228393554683,5.0,6.0,0.004253387451171874,0.008139610290527344,19.8184,41.3253,2022-05-15
403,Project Excecuter DataLoad,0.22411346435545998,0.014867937273449369,0.0663411157210402,0.002998775906032986,5.0,6.0,0.003345012664794922,0.006343788570827908,19.8184,41.3253,2022-05-16
406,Project Excecuter DataLoad,0.1680850982666,0.011083278291755256,0.06593849428684005,0.00223749213748508,5.0,6.0,0.0024914741516113286,0.004728966289096409,19.8184,41.3253,2022-05-17
409,Project Excecuter DataLoad,0.28717517852783,0.018541305581728614,0.06456444347585444,0.003792842229207357,5.0,6.0,0.00411828358968099,0.007911125818888346,19.8184,41.3253,2022-05-18
412,Project Excecuter DataLoad,0.27391910552978,0.016823362522655063,0.0614172658388217,0.003412697050306532,5.0,6.0,0.003765424092610677,0.007178121142917209,19.8184,41.3253,2022-05-19
415,Project Excecuter DataLoad,0.26280879974365,0.017222580949465438,0.0655327407844205,0.0035067399342854823,5.0,6.0,0.0038417180379231772,0.00734845797220866,19.8184,41.3253,2022-05-20
418,Project Excecuter DataLoad,0.30992031097412,0.020560680283440477,0.06634182902958348,0.004145834181043837,5.0,6.0,0.004626909891764322,0.008772744072808161,19.8184,41.3253,2022-05-21
421,Project Excecuter DataLoad,0.18980503082275,0.011446796781486935,0.060308184308224815,0.0023361709382798933,5.0,6.0,0.002547899881998698,0.0048840708202785915,19.8184,41.3253,2022-05-22
424,Project Excecuter DataLoad,0.20558834075927002,0.013219686700238122,0.06430173350986382,0.0027123424741956922,5.0,6.0,0.00292817751566569,0.005640519989861383,19.8184,41.3253,2022-05-23
427,Project Excecuter DataLoad,0.27379989624023,0.017732313964102003,0.06476377167266535,0.003619326485527886,5.0,6.0,0.003946622212727864,0.00756594869825575,19.8184,41.3253,2022-05-24
430,Project Excecuter DataLoad,0.27427673339843,0.018218609193960827,0.06642418760141404,0.00366667906443278,5.0,6.0,0.004106760025024414,0.007773439089457195,19.8184,41.3253,2022-05-25
433,Project Excecuter DataLoad,0.23529529571533,0.015295870867040425,0.06500712570788442,0.003093149926927355,5.0,6.0,0.0034332275390625,0.006526377465989855,19.8184,41.3253,2022-05-26
436,Project Excecuter DataLoad,0.26040077209472,0.017239810049533847,0.06620491141732286,0.003481904665629069,5.0,6.0,0.003873904546101888,0.007355809211730957,19.8184,41.3253,2022-05-27
439,Project Excecuter DataLoad,0.22139549255371,0.014611829029189217,0.0659987647474095,0.002951092190212674,5.0,6.0,0.003283421198527018,0.006234513388739693,19.8184,41.3253,2022-05-28
442,Project Excecuter DataLoad,0.21038055419920998,0.013939738909403487,0.06625963584164403,0.002819299697875977,5.0,6.0,0.0031284491221110025,0.00594774881998698,19.8184,41.3253,2022-05-29
445,Project Excecuter DataLoad,0.27191638946533,0.017880235877301965,0.0657563742754153,0.003637539015875921,5.0,6.0,0.003991524378458659,0.0076290633943345825,19.8184,41.3253,2022-05-30
448,Project Excecuter DataLoad,0.16491413116455,0.010600708272722036,0.06428016930910962,0.002158350414699978,5.0,6.0,0.0023647149403889967,0.004523065355088976,19.8184,41.3253,2022-05-31
451,Project Excecuter DataLoad,0.22909641265869002,0.015099986864460837,0.06591105766006407,0.0030679835213555232,5.0,6.0,0.003374814987182617,0.006442798508538141,19.8184,41.3253,2022-06-01
454,Project Excecuter DataLoad,0.22299289703369002,0.014678261955579119,0.06582389910545636,0.002976258595784505,5.0,6.0,0.003286600112915039,0.006262858708699544,19.8184,41.3253,2022-06-02
457,Project Excecuter DataLoad,0.25546550750732,0.016394652843475344,0.0641756024265049,0.003363688786824544,5.0,6.0,0.003631512324015299,0.006995201110839843,19.8184,41.3253,2022-06-03
460,Project Excecuter DataLoad,0.22821426391601,0.014929403252071807,0.06541836165668387,0.003026591406928168,5.0,6.0,0.003343423207600911,0.006370014614529081,19.8184,41.3253,2022-06-04
463,Project Excecuter DataLoad,0.26838779449462,0.017718189206388256,0.06601711989083338,0.003581908014085556,5.0,6.0,0.00397801399230957,0.007559922006395128,19.8184,41.3253,2022-06-05
466,Project Excecuter DataLoad,0.24912357330322002,0.016053019967344075,0.06443798053508579,0.003277924325731065,5.0,6.0,0.003571510314941406,0.006849434640672471,19.8184,41.3253,2022-06-06
469,Project Excecuter DataLoad,0.25768280029296,0.016675906260808306,0.06471485967184804,0.003383557001749674,5.0,6.0,0.003731648127237956,0.007115205128987631,19.8184,41.3253,2022-06-07
472,Project Excecuter DataLoad,0.23219585418701,0.015311703013049228,0.06594305082086915,0.0031030840343899205,5.0,6.0,0.0034300486246744795,0.006533132659064399,19.8184,41.3253,2022-06-08
475,Project Excecuter DataLoad,0.23629665374755002,0.015645109381940633,0.0662096103936143,0.003158715036180284,5.0,6.0,0.0035166740417480473,0.0066753890779283325,19.8184,41.3253,2022-06-09
478,Project Excecuter DataLoad,0.25339126586914,0.016095704674720768,0.06352115026345503,0.0032722949981689453,5.0,6.0,0.003595352172851562,0.006867647171020508,19.8184,41.3253,2022-06-10
481,Project Excecuter DataLoad,0.25646686553955,0.01687070374356376,0.06578122171092728,0.0034388568666246207,5.0,6.0,0.0037594636281331377,0.007198320494757759,19.8184,41.3253,2022-06-11
484,Project Excecuter DataLoad,0.2777099609375,0.018154659741454655,0.06537273520966883,0.0037156873279147683,5.0,6.0,0.004030466079711914,0.007746153407626683,19.8184,41.3253,2022-06-12
487,Project Excecuter DataLoad,0.28371810913085,0.018648094958729208,0.06572754561157798,0.003773636288113064,5.0,6.0,0.004183053970336914,0.007956690258449979,19.8184,41.3253,2022-06-13
490,Project Excecuter DataLoad,0.35600662231445,0.02362963313526578,0.06637413928326936,0.004778967963324653,5.0,6.0,0.005303223927815755,0.010082191891140409,19.8184,41.3253,2022-06-14
493,Project Excecuter DataLoad,0.28741359710693,0.018860897627141736,0.06562284393290015,0.003854102558559842,5.0,6.0,0.004193385442097982,0.008047488000657823,19.8184,41.3253,2022-06-15
496,Project Excecuter DataLoad,0.27189254760742,0.01806509946452247,0.06644205449355002,0.003644492891099718,5.0,6.0,0.004063447316487631,0.007707940207587348,19.8184,41.3253,2022-06-16
499,Project Excecuter DataLoad,0.2328872680664,0.015046281741725074,0.06460757544476298,0.003041492568122016,5.0,6.0,0.0033783912658691406,0.006419883833991158,19.8184,41.3253,2022-06-17
502,Project Excecuter DataLoad,0.22168159484862998,0.014472288840346867,0.06528412451303747,0.0029567215177747942,5.0,6.0,0.003218253453572591,0.006174974971347384,19.8184,41.3253,2022-06-18
505,Project Excecuter DataLoad,0.21820068359375,0.01439623245265749,0.06597702727394136,0.0029123491711086687,5.0,6.0,0.003230174382527669,0.0061425235536363395,19.8184,41.3253,2022-06-19
508,Project Excecuter DataLoad,0.22408962249755002,0.014733053598139024,0.0657462556004776,0.003004405233595106,5.0,6.0,0.003281831741333008,0.006286236974928114,19.8184,41.3253,2022-06-20
511,Project Excecuter DataLoad,0.22609233856201,0.014560296946101722,0.06439978036720685,0.002977583143446181,5.0,6.0,0.0032349427541097002,0.006212525897555882,19.8184,41.3253,2022-06-21
514,Project Excecuter DataLoad,0.21817684173583,0.014431777172618445,0.0661471541058051,0.002917978498670788,5.0,6.0,0.003239711125691732,0.006157689624362522,19.8184,41.3253,2022-06-22
517,Project Excecuter DataLoad,0.21488666534423,0.014230926222271388,0.0662252643712169,0.0028736061520046653,5.0,6.0,0.003198385238647461,0.006071991390652127,19.8184,41.3253,2022-06-23
520,Project Excecuter DataLoad,0.21698474884033,0.014033179614279006,0.06467357585857478,0.0028663211398654524,5.0,6.0,0.0031212965647379556,0.0059876177046034075,19.8184,41.3253,2022-06-24
523,Project Excecuter DataLoad,0.21960735321043998,0.014518233107195959,0.06610995895607909,0.002936191029018826,5.0,6.0,0.003258387247721354,0.006194578276740181,19.8184,41.3253,2022-06-25
526,Project Excecuter DataLoad,0.48661231994628007,0.033200786266062,0.06822841285589853,0.006602538956536187,5.0,6.0,0.007563432057698567,0.014165971014234753,19.8184,41.3253,2022-06-26
529,Project Excecuter DataLoad,0.46329498291015003,0.03159537561734518,0.06819710288870592,0.006294250488281251,5.0,6.0,0.0071867307027180995,0.013480981190999353,19.8184,41.3253,2022-06-27
532,Project Excecuter DataLoad,0.23229122161865,0.015365252918667268,0.06614650700788031,0.0031040774451361764,5.0,6.0,0.003451903661092122,0.006555981106228299,19.8184,41.3253,2022-06-28
535,Project Excecuter DataLoad,0.21398067474365,0.014126930753389994,0.06601965701021358,0.00286102294921875,5.0,6.0,0.003166596094767252,0.006027619043986003,19.8184,41.3253,2022-06-29
538,Project Excecuter DataLoad,0.27048587799072,0.017781673007541236,0.06573974633955243,0.0036054187350802952,5.0,6.0,0.003981590270996095,0.007587009006076391,19.8184,41.3253,2022-06-30
541,Project Excecuter DataLoad,0.22590160369873,0.014977830992804635,0.06630245535033717,0.003020630942450629,5.0,6.0,0.003370046615600586,0.0063906775580512155,19.8184,41.3253,2022-07-01
544,Project Excecuter DataLoad,0.20730495452880002,0.013343860394424862,0.0643682657018721,0.002733535236782498,5.0,6.0,0.002959966659545898,0.005693501896328396,19.8184,41.3253,2022-07-02
547,Project Excecuter DataLoad,0.42281150817871,0.027980834596686897,0.06617803455070613,0.005656811926099989,5.0,6.0,0.00628193219502767,0.011938744121127661,19.8184,41.3253,2022-07-03
550,Project Excecuter DataLoad,0.27070045471191,0.017454164889123706,0.06447778193686025,0.003529257244533962,5.0,6.0,0.003918011983235678,0.007447269227769638,19.8184,41.3253,2022-07-04
553,Project Excecuter DataLoad,0.23000240325927002,0.015149966776371003,0.0658687325075153,0.003070632616678873,5.0,6.0,0.0033934911092122397,0.006464123725891112,19.8184,41.3253,2022-07-05
556,Project Excecuter DataLoad,0.22518634796142,0.014811438242594403,0.0657741394035645,0.003000100453694661,5.0,6.0,0.003319581349690755,0.006319681803385416,19.8184,41.3253,2022-07-06
559,Project Excecuter DataLoad,0.22530555725097,0.014874922043747374,0.0660211058495003,0.0030097034242418078,5.0,6.0,0.00333706537882487,0.006346768803066677,19.8184,41.3253,2022-07-07
562,Project Excecuter DataLoad,0.22201538085937,0.014601895133654275,0.06576974566867126,0.0029583772023518877,5.0,6.0,0.0032718976338704433,0.00623027483622233,19.8184,41.3253,2022-07-08
565,Project Excecuter DataLoad,0.24161338806152002,0.015431530627939435,0.06386869019033835,0.003127588166130913,5.0,6.0,0.003456672032674153,0.006584260198805066,19.8184,41.3253,2022-07-09
568,Project Excecuter DataLoad,0.2403974533081,0.015920930200152925,0.06622753270080557,0.003217988544040256,5.0,6.0,0.0035750865936279293,0.006793075137668186,19.8184,41.3253,2022-07-10
571,Project Excecuter DataLoad,0.21612644195556,0.01376139444112778,0.0636728866519581,0.00281830628712972,5.0,6.0,0.0030533472696940103,0.005871653556823731,19.8184,41.3253,2022-07-11
574,Project Excecuter DataLoad,0.21991729736328,0.01448377490705914,0.06586009868579552,0.002936191029018826,5.0,6.0,0.003243684768676758,0.006179875797695584,19.8184,41.3253,2022-07-12
577,Project Excecuter DataLoad,0.21440982818603,0.013820842597219682,0.0644599303779483,0.002798769209120009,5.0,6.0,0.003098249435424805,0.005897018644544814,19.8184,41.3253,2022-07-13
580,Project Excecuter DataLoad,0.21212100982666,0.013770086599720852,0.064916184450439,0.002791815333896213,5.0,6.0,0.0030835469563802085,0.005875362290276422,19.8184,41.3253,2022-07-14
583,Project Excecuter DataLoad,0.21569728851317999,0.013905591143502132,0.06446808506196039,0.0028583738538953993,5.0,6.0,0.003074804941813151,0.005933178795708551,19.8184,41.3253,2022-07-15
586,Project Excecuter DataLoad,0.21920204162597,0.014475548399819271,0.06603747069344744,0.002927912606133355,5.0,6.0,0.003248453140258789,0.006176365746392145,19.8184,41.3253,2022-07-16
589,Project Excecuter DataLoad,0.22399425506590998,0.0143029469648997,0.063854079474898,0.002892812093098958,5.0,6.0,0.003209908803304036,0.006102720896402995,19.8184,41.3253,2022-07-17
592,Project Excecuter DataLoad,0.31399726867675,0.02116851051648457,0.06741622500632753,0.004231929779052734,5.0,6.0,0.004800160725911458,0.009032090504964192,19.8184,41.3253,2022-07-18
595,Project Excecuter DataLoad,0.27461051940917003,0.018153418004512787,0.0661060546535857,0.003670652707417806,5.0,6.0,0.004074970881144205,0.007745623588562011,19.8184,41.3253,2022-07-19
598,Project Excecuter DataLoad,0.22041797637939003,0.014226424925857123,0.06454294318250106,0.002907050980461968,5.0,6.0,0.003163019816080729,0.006070070796542698,19.8184,41.3253,2022-07-20
601,Project Excecuter DataLoad,0.46038627624510997,0.03075766883293788,0.06680839638356638,0.006193916002909343,5.0,6.0,0.006929636001586913,0.013123552004496256,19.8184,41.3253,2022-07-21
604,Project Excecuter DataLoad,0.24218559265136,0.015558808664480842,0.06424332882129027,0.0031818946202596017,5.0,6.0,0.003456672032674153,0.006638566652933757,19.8184,41.3253,2022-07-22
607,Project Excecuter DataLoad,0.260591506958,0.017148542384306593,0.0658062213327234,0.003481904665629069,5.0,6.0,0.0038349628448486324,0.007316867510477702,19.8184,41.3253,2022-07-23
610,Project Excecuter DataLoad,0.22022724151610998,0.014528322219848636,0.06596968712785539,0.002940495808919271,5.0,6.0,0.003258387247721354,0.006198883056640625,19.8184,41.3253,2022-07-24
613,Project Excecuter DataLoad,0.23040771484375,0.0151982392999861,0.0659623715737675,0.003074937396579318,5.0,6.0,0.003409783045450846,0.006484720442030165,19.8184,41.3253,2022-07-25
616,Project Excecuter DataLoad,0.23317337036132002,0.015347868601481119,0.0658217041581459,0.0031054019927978516,5.0,6.0,0.003443161646525065,0.006548563639322917,19.8184,41.3253,2022-07-26
619,Project Excecuter DataLoad,0.22339820861815998,0.014764873107274376,0.06609217324795448,0.0029861927032470703,5.0,6.0,0.0033136208852132167,0.006299813588460286,19.8184,41.3253,2022-07-27
622,Project Excecuter DataLoad,0.22408962249755002,0.014786603503757054,0.06598522206854159,0.0029974513583713113,5.0,6.0,0.003311634063720703,0.006309085422092012,19.8184,41.3253,2022-07-28
625,Project Excecuter DataLoad,0.22850036621093,0.015024085693889194,0.06575081669680952,0.003047121895684136,5.0,6.0,0.0033632914225260407,0.006410413318210178,19.8184,41.3253,2022-07-29
628,Project Excecuter DataLoad,0.22163391113280997,0.014586218204763204,0.0658122131681488,0.002960032886928982,5.0,6.0,0.003263552983601888,0.006223585870530871,19.8184,41.3253,2022-07-30
631,Project Excecuter DataLoad,0.21800994873045998,0.014239463163746729,0.06531565759575195,0.0028871827655368378,5.0,6.0,0.0031884511311848955,0.006075633896721733,19.8184,41.3253,2022-07-31
634,Project Excecuter DataLoad,0.21829605102539001,0.014135002043512132,0.06475152425853113,0.002887513902452257,5.0,6.0,0.0031435489654541007,0.006031062867906358,19.8184,41.3253,2022-08-01
637,Project Excecuter DataLoad,0.20918846130371,0.013780641363726724,0.06587668018514299,0.002793139881557888,5.0,6.0,0.003086725870768229,0.005879865752326119,19.8184,41.3253,2022-08-02
640,Project Excecuter DataLoad,0.17421245574951,0.011547843125131395,0.06628597866581513,0.002335177527533637,5.0,6.0,0.002592007319132487,0.004927184846666124,19.8184,41.3253,2022-08-03
643,Project Excecuter DataLoad,0.29890537261962,0.019608112831910454,0.06559973365504775,0.003994504610697429,5.0,6.0,0.004371802012125651,0.008366306622823082,19.8184,41.3253,2022-08-04
646,Project Excecuter DataLoad,0.24492740631103,0.01597354880306456,0.06521748237018292,0.003258718384636772,5.0,6.0,0.0035568078358968105,0.006815526220533583,19.8184,41.3253,2022-08-05
649,Project Excecuter DataLoad,0.24781227111815998,0.015971530980534023,0.06445012149103116,0.0033027595943874778,5.0,6.0,0.0035119056701660156,0.006814665264553494,19.8184,41.3253,2022-08-06
652,Project Excecuter DataLoad,0.22158622741699002,0.014655600256390044,0.06613949083040435,0.002964999940660264,5.0,6.0,0.003288189570109048,0.006253189510769314,19.8184,41.3253,2022-08-07
655,Project Excecuter DataLoad,0.21631717681883997,0.013983044485251107,0.06464139691024652,0.002836187680562337,5.0,6.0,0.003130038579305013,0.0059662262598673505,19.8184,41.3253,2022-08-08
658,Project Excecuter DataLoad,0.19969940185545998,0.013226671470536128,0.0662329047941208,0.0026735994550916883,5.0,6.0,0.0029699007670084634,0.005643500222100152,19.8184,41.3253,2022-08-09
661,Project Excecuter DataLoad,0.24969577789306,0.01653621085484823,0.06622543238167988,0.0033458073933919272,5.0,6.0,0.0037097930908203116,0.007055600484212239,19.8184,41.3253,2022-08-10
664,Project Excecuter DataLoad,0.22878646850585,0.014783188727166918,0.06461566028669356,0.0030345386928982204,5.0,6.0,0.003273089726765951,0.0063076284196641715,19.8184,41.3253,2022-08-11
667,Project Excecuter DataLoad,0.26288032531738,0.01744128186835183,0.06634685135638996,0.003515018357170952,5.0,6.0,0.003926753997802735,0.007441772354973687,19.8184,41.3253,2022-08-12
670,Project Excecuter DataLoad,0.23500919342041,0.015468161867724524,0.0658193904782839,0.003134873178270128,5.0,6.0,0.003465016682942708,0.006599889861212836,19.8184,41.3253,2022-08-13
673,Project Excecuter DataLoad,0.23379325866699002,0.015405609369277956,0.06589415561900878,0.0031232833862304688,5.0,6.0,0.003449916839599609,0.006573200225830078,19.8184,41.3253,2022-08-14
676,Project Excecuter DataLoad,0.21963119506835,0.014441866285271115,0.06575507764630678,0.002928243743048774,5.0,6.0,0.003233750661214192,0.006161994404262967,19.8184,41.3253,2022-08-15
679,Project Excecuter DataLoad,0.26187896728515003,0.01607335340976715,0.06137703068099055,0.003244479497273763,5.0,6.0,0.0036136309305826813,0.006858110427856445,19.8184,41.3253,2022-08-16
682,Project Excecuter DataLoad,0.2267837524414,0.014568213019106126,0.06423834539412206,0.002984537018669976,5.0,6.0,0.003231366475423176,0.006215903494093153,19.8184,41.3253,2022-08-17
685,Project Excecuter DataLoad,0.26612281799316,0.01753829256693522,0.06590300185152007,0.003522634506225586,5.0,6.0,0.003960529963175456,0.007483164469401042,19.8184,41.3253,2022-08-18
688,Project Excecuter DataLoad,0.22847652435302002,0.014701078871885938,0.06434393604994959,0.002969304720560709,5.0,6.0,0.0033032894134521484,0.006272594134012857,19.8184,41.3253,2022-08-19
691,Project Excecuter DataLoad,0.23410320281982,0.015573709507783258,0.06652497411481144,0.003140171368916829,5.0,6.0,0.003504753112792969,0.0066449244817098,19.8184,41.3253,2022-08-20
694,Project Excecuter DataLoad,0.21800994873045998,0.014414548072550028,0.06611876272844366,0.002916985087924532,5.0,6.0,0.0032333532969156904,0.006150338384840225,19.8184,41.3253,2022-08-21
697,Project Excecuter DataLoad,0.17309188842773,0.011437794188658396,0.06607931944444448,0.0023136536280314126,5.0,6.0,0.0025665760040283203,0.004880229632059733,19.8184,41.3253,2022-08-22
700,Project Excecuter DataLoad,0.2181053161621,0.014478652742173935,0.0663837681581888,0.002919303046332465,5.0,6.0,0.003258387247721354,0.006177690294053819,19.8184,41.3253,2022-08-23
703,Project Excecuter DataLoad,0.16560554504394,0.010806836605072022,0.06525649006622518,0.002187490463256836,5.0,6.0,0.002423524856567383,0.00461101531982422,19.8184,41.3253,2022-08-24
706,Project Excecuter DataLoad,0.23002624511718,0.01513335854477353,0.0657897038534181,0.003068314658270942,5.0,6.0,0.003388722737630208,0.00645703739590115,19.8184,41.3253,2022-08-25
709,Project Excecuter DataLoad,0.15561580657958,0.010232688486576083,0.06575609966293858,0.002079208691914876,5.0,6.0,0.002286831537882487,0.004366040229797364,19.8184,41.3253,2022-08-26
712,Project Excecuter DataLoad,0.43380260467529,0.028827388756805006,0.06645277931971547,0.005819731288486057,5.0,6.0,0.00648021697998047,0.012299948268466528,19.8184,41.3253,2022-08-27
715,Project Excecuter DataLoad,0.22168159484862998,0.01452894308831957,0.06553969037546906,0.002970960405137804,5.0,6.0,0.0032281875610351567,0.0061991479661729606,19.8184,41.3253,2022-08-28
718,Project Excecuter DataLoad,0.27809143066406,0.018427376217312285,0.06626373266270387,0.0037040975358751086,5.0,6.0,0.004158417383829753,0.007862514919704862,19.8184,41.3253,2022-08-29
721,Project Excecuter DataLoad,0.20627975463867002,0.013577617373731405,0.06582137639980483,0.0027514166302151154,5.0,6.0,0.0030418237050374355,0.00579324033525255,19.8184,41.3253,2022-08-30
724,Project Excecuter DataLoad,0.21061897277832,0.013779865278138055,0.06542556492591756,0.0028027428521050345,5.0,6.0,0.003076791763305664,0.005879534615410699,19.8184,41.3253,2022-08-31
727,Project Excecuter DataLoad,0.25029182434082003,0.016636791547139488,0.066469576427256,0.003363688786824544,5.0,6.0,0.003734827041625977,0.007098515828450521,19.8184,41.3253,2022-09-01
730,Project Excecuter DataLoad,0.23801326751708,0.015712784045272408,0.06601642088773137,0.0031792455249362523,5.0,6.0,0.003525018692016602,0.006704264216952854,19.8184,41.3253,2022-09-02
733,Project Excecuter DataLoad,0.20480155944824002,0.013435904145240787,0.06560450116414437,0.002727905909220378,5.0,6.0,0.003004868825276693,0.005732774734497071,19.8184,41.3253,2022-09-03
736,Project Excecuter DataLoad,0.29141902923583,0.01875193521049288,0.06434698262383302,0.0038640366660224064,5.0,6.0,0.004136959711710612,0.008000996377733018,19.8184,41.3253,2022-09-04
739,Project Excecuter DataLoad,0.21579265594482,0.014185913258128697,0.0657386285738838,0.002876255247328017,5.0,6.0,0.003176530202229817,0.006052785449557833,19.8184,41.3253,2022-09-05
742,Project Excecuter DataLoad,0.22778511047362998,0.014965724057621426,0.0657010637196753,0.0030404991573757595,5.0,6.0,0.003345012664794922,0.006385511822170682,19.8184,41.3253,2022-09-06
745,Project Excecuter DataLoad,0.21629333496093,0.01386927033795251,0.06412250447040958,0.002814663781060112,5.0,6.0,0.0031030178070068355,0.005917681588066949,19.8184,41.3253,2022-09-07
748,Project Excecuter DataLoad,0.2108097076416,0.013862751219007706,0.06575954861896506,0.002816650602552625,5.0,6.0,0.003098249435424805,0.00591490003797743,19.8184,41.3253,2022-09-08
751,Project Excecuter DataLoad,0.15828609466552,0.010436643779277803,0.06593531668926045,0.0021149714787801104,5.0,6.0,0.0023380915323893228,0.004453063011169434,19.8184,41.3253,2022-09-09
754,Project Excecuter DataLoad,0.21579265594482,0.013834967354933421,0.06411231788384342,0.002826253573099772,5.0,6.0,0.003076791763305664,0.005903045336405436,19.8184,41.3253,2022-09-10
757,Project Excecuter DataLoad,0.21049976348875998,0.013728643629286023,0.06521928291866451,0.0028126769595675995,5.0,6.0,0.003045002619425456,0.005857679578993056,19.8184,41.3253,2022-09-11
760,Project Excecuter DataLoad,0.23391246795654003,0.015081360810332829,0.06447437771095937,0.003087851736280652,5.0,6.0,0.003346999486287435,0.006434851222568087,19.8184,41.3253,2022-09-12
763,Project Excecuter DataLoad,0.24201869964599,0.0016166572683276152,0.006679885772018116,0.0032239490085177952,5.0,6.0,0.00357667605082194,0.006800625059339736,-71.2,46.8,2022-09-13
766,Project Excecuter DataLoad,0.4141092300415,0.02739582127994961,0.06615602670146686,0.005541907416449653,5.0,6.0,0.006147225697835287,0.011689133114284942,19.8184,41.3253,2022-09-14
769,Project Excecuter DataLoad,0.22871494293212002,0.014797468701998395,0.06469830310295704,0.003000100453694661,5.0,6.0,0.0033136208852132167,0.006313721338907878,19.8184,41.3253,2022-09-15
772,Project Excecuter DataLoad,0.23350715637207,0.015154002421432075,0.06489737897919365,0.003095799022250705,5.0,6.0,0.003370046615600586,0.006465845637851292,19.8184,41.3253,2022-09-16
775,Project Excecuter DataLoad,0.22010803222655997,0.014438296291563249,0.06559640802522627,0.0029318862491183807,5.0,6.0,0.0032285849253336596,0.00616047117445204,19.8184,41.3253,2022-09-17
778,Project Excecuter DataLoad,0.22611618041992002,0.014919003705183667,0.06597937253971603,0.003016988436381022,5.0,6.0,0.003348588943481445,0.006365577379862468,19.8184,41.3253,2022-09-18
781,Project Excecuter DataLoad,0.24209022521972,0.01595585405164295,0.06590870836342548,0.003234876526726616,5.0,6.0,0.003573099772135416,0.0068079762988620335,19.8184,41.3253,2022-09-19
784,Project Excecuter DataLoad,0.20790100097655997,0.013238933622837068,0.06367902780963303,0.002697110176086426,5.0,6.0,0.002951622009277344,0.00564873218536377,19.8184,41.3253,2022-09-20
787,Project Excecuter DataLoad,0.30310153961180997,0.02012126062313716,0.0663845543275912,0.004081924756368002,5.0,6.0,0.004503329594930013,0.008585254351298015,19.8184,41.3253,2022-09-21
790,Project Excecuter DataLoad,0.21948814392088997,0.014512955725193028,0.06612182082337609,0.0029375155766805,5.0,6.0,0.00325481096903483,0.006192326545715334,19.8184,41.3253,2022-09-22
793,Project Excecuter DataLoad,0.32157897949218,0.021299824198087063,0.06623512591439307,0.004313389460245768,5.0,6.0,0.004774729410807292,0.00908811887105306,19.8184,41.3253,2022-09-23
796,Project Excecuter DataLoad,0.20749568939208,0.013258646196789214,0.06389841753163027,0.0026888317532009548,5.0,6.0,0.002968311309814453,0.005657143063015408,19.8184,41.3253,2022-09-24
799,Project Excecuter DataLoad,0.27120113372802,0.018095677236715957,0.06672419465201468,0.0036428372065226236,5.0,6.0,0.004078149795532227,0.007720987002054851,19.8184,41.3253,2022-09-25
802,Project Excecuter DataLoad,0.24139881134033,0.015634399400817026,0.06476585080932788,0.0031875239478217233,5.0,6.0,0.003483295440673828,0.006670819388495551,19.8184,41.3253,2022-09-26
805,Project Excecuter DataLoad,0.24011135101317999,0.015669323252307046,0.06525856935204494,0.003190504180060493,5.0,6.0,0.0034952163696289062,0.006685720549689399,19.8184,41.3253,2022-09-27
808,Project Excecuter DataLoad,0.20599365234375,0.013228844510184395,0.06421967065329218,0.002702739503648546,5.0,6.0,0.0029416879018147784,0.005644427405463324,19.8184,41.3253,2022-09-28
811,Project Excecuter DataLoad,0.21679401397705,0.01425032836198807,0.06573211178928846,0.002891818682352702,5.0,6.0,0.0031884511311848955,0.006080269813537597,19.8184,41.3253,2022-09-29
814,Project Excecuter DataLoad,0.22518634796142,0.014916209797064466,0.06623940541732841,0.0030110279719034834,5.0,6.0,0.003353357315063476,0.006364385286966961,19.8184,41.3253,2022-09-30
817,Project Excecuter DataLoad,0.21567344665527002,0.014233409696155127,0.06599518817402414,0.0028802288903130428,5.0,6.0,0.003192822138468424,0.006073051028781467,19.8184,41.3253,2022-10-01
820,Project Excecuter DataLoad,0.22220611572265,0.014573335183991327,0.06558476186218407,0.0029597017500135633,5.0,6.0,0.003258387247721354,0.006218088997734917,19.8184,41.3253,2022-10-02
823,Project Excecuter DataLoad,0.23009777069090998,0.014963861452208628,0.06503262246859856,0.0030444728003607853,5.0,6.0,0.00334024429321289,0.006384717093573676,19.8184,41.3253,2022-10-03
826,Project Excecuter DataLoad,0.22599697113037,0.014862815108564166,0.06576555001699666,0.003013677067226834,5.0,6.0,0.00332792599995931,0.006341603067186144,19.8184,41.3253,2022-10-04
829,Project Excecuter DataLoad,0.22418498992918998,0.014723585353957284,0.06567605332813407,0.002988841798570421,5.0,6.0,0.0032933553059895843,0.0062821971045600045,19.8184,41.3253,2022-10-05
832,Project Excecuter DataLoad,0.16429424285888,0.010557247479756672,0.06425817056063464,0.0021398067474365234,5.0,6.0,0.0023647149403889967,0.0045045216878255205,19.8184,41.3253,2022-10-06
835,Project Excecuter DataLoad,0.1965045928955,0.012901336391766863,0.06565412137021759,0.002616643905639648,5.0,6.0,0.002888043721516927,0.005504687627156574,19.8184,41.3253,2022-10-07
838,Project Excecuter DataLoad,0.22518634796142,0.014476479702525668,0.06428666672548675,0.0029636753929985892,5.0,6.0,0.003213087717692057,0.006176763110690646,19.8184,41.3253,2022-10-08
841,Project Excecuter DataLoad,0.21712779998779003,0.014351840356985732,0.06609858506277225,0.002901752789815267,5.0,6.0,0.0032218297322591147,0.006123582522074382,19.8184,41.3253,2022-10-09
844,Project Excecuter DataLoad,0.22981166839599,0.015168592830499015,0.06600445023688489,0.0030666589736938472,5.0,6.0,0.003405412038167317,0.006472071011861167,19.8184,41.3253,2022-10-10
847,Project Excecuter DataLoad,0.22320747375487998,0.014218664069970448,0.06370155905077265,0.002881884574890137,5.0,6.0,0.003184874852498372,0.00606675942738851,19.8184,41.3253,2022-10-11
850,Project Excecuter DataLoad,0.27887821197509,0.018471457878748578,0.06623485480607563,0.0037332375844319663,5.0,6.0,0.004148085912068685,0.00788132349650065,19.8184,41.3253,2022-10-12
853,Project Excecuter DataLoad,0.21238327026367002,0.01386927033795251,0.06530302655540589,0.0028345319959852434,5.0,6.0,0.003083149592081705,0.005917681588066949,19.8184,41.3253,2022-10-13
856,Project Excecuter DataLoad,0.27239322662353,0.01744516229629517,0.06404403851203502,0.003590186436971029,5.0,6.0,0.003853241602579753,0.00744342803955078,19.8184,41.3253,2022-10-14
859,Project Excecuter DataLoad,0.21808147430418998,0.014401509834660422,0.06603729124910414,0.0029149982664320204,5.0,6.0,0.003229777018229166,0.006144775284661187,19.8184,41.3253,2022-10-15
862,Project Excecuter DataLoad,0.23801326751708,0.015501688765154942,0.06512951537057445,0.0031428204642401803,5.0,6.0,0.0034713745117187504,0.006614194975958931,19.8184,41.3253,2022-10-16
865,Project Excecuter DataLoad,0.31311511993408,0.020807165066401165,0.06645212492702862,0.00417629877726237,5.0,6.0,0.0047016143798828125,0.008877913157145183,19.8184,41.3253,2022-10-17
868,Project Excecuter DataLoad,0.21169185638427002,0.013720417122046157,0.06481315510380299,0.002780556678771973,5.0,6.0,0.0030736128489176435,0.005854169527689616,19.8184,41.3253,2022-10-18
871,Project Excecuter DataLoad,0.23231506347655997,0.015304718242751229,0.06587914711047256,0.00310010380215115,5.0,6.0,0.0034300486246744795,0.006530152426825629,19.8184,41.3253,2022-10-19
874,Project Excecuter DataLoad,0.23198127746582,0.014961998846795827,0.06449657925088502,0.003062354193793403,5.0,6.0,0.0033215681711832685,0.0063839223649766715,19.8184,41.3253,2022-10-20
877,Project Excecuter DataLoad,0.19679069519042003,0.012869982533984718,0.06539934482944298,0.002617968453301324,5.0,6.0,0.0028733412424723315,0.0054913096957736555,19.8184,41.3253,2022-10-21
880,Project Excecuter DataLoad,0.25160312652587,0.016499579615063136,0.0655778004148373,0.003358390596177842,5.0,6.0,0.003681580225626628,0.00703997082180447,19.8184,41.3253,2022-10-22
883,Project Excecuter DataLoad,0.26297569274902,0.017011330452230244,0.06468784348242171,0.003466672367519802,5.0,6.0,0.0037916501363118495,0.007258322503831652,19.8184,41.3253,2022-10-23
886,Project Excecuter DataLoad,0.21688938140869002,0.014185447606775497,0.06540406687796955,0.002901090515984429,5.0,6.0,0.0031514962514241542,0.006052586767408583,19.8184,41.3253,2022-10-24
889,Project Excecuter DataLoad,0.24280548095703,0.016021666109561922,0.06598560315200315,0.0032474597295125327,5.0,6.0,0.003588596979777018,0.006836056709289551,19.8184,41.3253,2022-10-25
892,Project Excecuter DataLoad,0.17442703247070002,0.011216454578770532,0.06430456575390317,0.002307030889723036,5.0,6.0,0.0024787584940592446,0.004785789383782281,19.8184,41.3253,2022-10-26
895,Project Excecuter DataLoad,0.21350383758543998,0.013808580444918742,0.06467602925119428,0.002824929025438097,5.0,6.0,0.003066857655843098,0.005891786681281196,19.8184,41.3253,2022-10-27
898,Project Excecuter DataLoad,0.23050308227539001,0.015023775259653729,0.06517819680044133,0.003073612848917643,5.0,6.0,0.003336668014526367,0.006410280863444011,19.8184,41.3253,2022-10-28
901,Project Excecuter DataLoad,0.21579265594482,0.014246758368280203,0.06602058956039236,0.002883540259467231,5.0,6.0,0.0031952063242594404,0.006078746583726672,19.8184,41.3253,2022-10-29
904,Project Excecuter DataLoad,0.22850036621093,0.014884700722164577,0.06514081779818216,0.0030444728003607853,5.0,6.0,0.003306468327840168,0.006350941128200955,19.8184,41.3253,2022-10-30
907,Project Excecuter DataLoad,0.2187967300415,0.014430069784323376,0.06595194444444447,0.00292360782623291,5.0,6.0,0.00323335329691569,0.0061569611231486005,19.8184,41.3253,2022-10-31
910,Project Excecuter DataLoad,0.22211074829101,0.014610121640894149,0.06577854405204905,0.002970629268222385,5.0,6.0,0.003263155619303385,0.00623378488752577,19.8184,41.3253,2022-11-01
913,Project Excecuter DataLoad,0.22699832916258997,0.014944769746727414,0.06583647466419262,0.003041492568122016,5.0,6.0,0.003335078557332356,0.006376571125454373,19.8184,41.3253,2022-11-02
916,Project Excecuter DataLoad,0.22840499877929,0.014663050678041247,0.06419759093017861,0.0030067231920030382,5.0,6.0,0.003249645233154296,0.006256368425157335,19.8184,41.3253,2022-11-03
919,Project Excecuter DataLoad,0.22850036621093,0.014932041943073274,0.0653480000521703,0.003052751223246257,5.0,6.0,0.003318389256795247,0.006371140480041505,19.8184,41.3253,2022-11-04
922,Project Excecuter DataLoad,0.22010803222655997,0.014442642370859786,0.06561615323512422,0.002930561701456706,5.0,6.0,0.0032317638397216806,0.006162325541178387,19.8184,41.3253,2022-11-05
925,Project Excecuter DataLoad,0.26800632476805997,0.017367088086075254,0.06480103818857558,0.0035501188702053484,5.0,6.0,0.003859996795654297,0.007410115665859646,19.8184,41.3253,2022-11-06
928,Project Excecuter DataLoad,0.22900104522705,0.015055594768789083,0.06574465524321826,0.0030554003185696067,5.0,6.0,0.0033684571584065752,0.006423857476976183,19.8184,41.3253,2022-11-07
931,Project Excecuter DataLoad,0.45540332794189003,0.028891648643546635,0.06344189177122782,0.005938940578036838,5.0,6.0,0.006388425827026367,0.012327366405063203,19.8184,41.3253,2022-11-08
934,Project Excecuter DataLoad,0.23422241210937,0.015373634643024872,0.06563690683812885,0.003127919303046332,5.0,6.0,0.00343163808186849,0.006559557384914822,19.8184,41.3253,2022-11-09
937,Project Excecuter DataLoad,0.23450851440429,0.015407627191808491,0.06570178157900684,0.003128912713792589,5.0,6.0,0.003445148468017578,0.006574061181810167,19.8184,41.3253,2022-11-10
940,Project Excecuter DataLoad,0.23889541625976,0.015316980395052172,0.06411584045797297,0.0031037463082207568,5.0,6.0,0.00343163808186849,0.006535384390089247,19.8184,41.3253,2022-11-11
943,Project Excecuter DataLoad,0.22249221801757002,0.014673605442047119,0.06595109515645092,0.002972284952799479,5.0,6.0,0.003288586934407552,0.006260871887207031,19.8184,41.3253,2022-11-12
946,Project Excecuter DataLoad,0.21986961364746,0.0144701158006986,0.0658122582773079,0.002927581469217936,5.0,6.0,0.0032464663187662763,0.006174047787984212,19.8184,41.3253,2022-11-13
949,Project Excecuter DataLoad,0.22957324981689003,0.015086172540982566,0.06571398258732304,0.003063678741455078,5.0,6.0,0.003373225529988607,0.006436904271443685,19.8184,41.3253,2022-11-14
952,Project Excecuter DataLoad,0.32129287719725996,0.020601502385404365,0.06412063213202072,0.004181928104824491,5.0,6.0,0.0046082337697347,0.00879016187455919,19.8184,41.3253,2022-11-15
955,Project Excecuter DataLoad,0.15871524810791002,0.010305019663439859,0.06492772299000218,0.0020917918947007926,5.0,6.0,0.002305110295613607,0.0043969021903144,19.8184,41.3253,2022-11-16
958,Project Excecuter DataLoad,0.24020671844482,0.01555306563112471,0.06474867036118005,0.0031444761488172743,5.0,6.0,0.0034916400909423832,0.006636116239759657,19.8184,41.3253,2022-11-17
961,Project Excecuter DataLoad,0.17168521881103,0.010779207958115471,0.06278471747751085,0.002182854546440972,5.0,6.0,0.002416372299194336,0.004599226845635308,19.8184,41.3253,2022-11-18
964,Project Excecuter DataLoad,0.16489028930664,0.010607693043020037,0.06433182383040936,0.002173251575893826,5.0,6.0,0.002352794011433919,0.004526045587327745,19.8184,41.3253,2022-11-19
967,Project Excecuter DataLoad,0.22630691528320002,0.014959515372912088,0.06610277619749967,0.003027915954589844,5.0,6.0,0.003354946772257487,0.00638286272684733,19.8184,41.3253,2022-11-20
970,Project Excecuter DataLoad,0.27909278869628,0.01843684446149402,0.06605990985154812,0.003741516007317437,5.0,6.0,0.004125038782755534,0.007866554790072972,19.8184,41.3253,2022-11-21
973,Project Excecuter DataLoad,0.23341178894042003,0.015355629457367789,0.06578772017932133,0.003116660647922092,5.0,6.0,0.003435214360555013,0.006551875008477106,19.8184,41.3253,2022-11-22
976,Project Excecuter DataLoad,0.21970272064208,0.014085022131601968,0.06410945704467357,0.0028848648071289062,5.0,6.0,0.0031248728434244795,0.006009737650553386,19.8184,41.3253,2022-11-23
979,Project Excecuter DataLoad,0.22158622741699002,0.014251414881812202,0.06431543624321547,0.002887513902452257,5.0,6.0,0.0031932195027669272,0.006080733405219184,19.8184,41.3253,2022-11-24
982,Project Excecuter DataLoad,0.21867752075195002,0.014357428173224135,0.06565571131341766,0.0029097000757853193,5.0,6.0,0.003216266632080078,0.006125966707865398,19.8184,41.3253,2022-11-25
985,Project Excecuter DataLoad,0.38149356842041,0.02545638339387046,0.0667282111708296,0.005141562885708279,5.0,6.0,0.005720059076944986,0.010861621962653265,19.8184,41.3253,2022-11-26
988,Project Excecuter DataLoad,0.23930072784423,0.015363235096136732,0.06420053643186878,0.003140171368916829,5.0,6.0,0.00341494878133138,0.006555120150248211,19.8184,41.3253,2022-11-27
991,Project Excecuter DataLoad,0.21069049835205,0.013867097298304243,0.06581738335030744,0.0028153260548909507,5.0,6.0,0.0031014283498128252,0.005916754404703776,19.8184,41.3253,2022-11-28
994,Project Excecuter DataLoad,0.22940635681152002,0.015065063012970819,0.06566977141504424,0.0030610296461317274,5.0,6.0,0.003366867701212565,0.006427897347344293,19.8184,41.3253,2022-11-29
997,Project Excecuter DataLoad,0.31709671020507,0.02125155167447196,0.0670191490183793,0.004269348250495063,5.0,6.0,0.004798173904418945,0.009067522154914008,19.8184,41.3253,2022-11-30
1000,Project Excecuter DataLoad,0.24218559265136,0.016053951270050475,0.06628780471330752,0.003240174717373318,5.0,6.0,0.0036096572875976554,0.006849832004970974,19.8184,41.3253,2022-12-01
1003,Project Excecuter DataLoad,0.23331642150878,0.015407627191808491,0.06603747431137455,0.0031169917848375113,5.0,6.0,0.003457069396972656,0.006574061181810167,19.8184,41.3253,2022-12-02
1006,Project Excecuter DataLoad,0.22878646850585,0.01474609183602863,0.06445351393520449,0.0030302339129977753,5.0,6.0,0.003261566162109375,0.00629180007510715,19.8184,41.3253,2022-12-03
1009,Project Excecuter DataLoad,0.23660659790039001,0.015258929193019868,0.06449071720072552,0.003122289975484212,5.0,6.0,0.0033883253733317043,0.006510615348815918,19.8184,41.3253,2022-12-04
1012,Project Excecuter DataLoad,0.20780563354492002,0.013602762546804214,0.06545906535235328,0.0027653243806627058,5.0,6.0,0.003038644790649414,0.005803969171312119,19.8184,41.3253,2022-12-05
1015,Project Excecuter DataLoad,0.26140213012695,0.017511440005567338,0.06699042581276096,0.003518329726325141,5.0,6.0,0.003953377405802409,0.007471707132127551,19.8184,41.3253,2022-12-06
1018,Project Excecuter DataLoad,0.21672248840332,0.01425296705298954,0.06576598099254372,0.0028961234622531464,5.0,6.0,0.003185272216796875,0.006081395679050022,19.8184,41.3253,2022-12-07
1021,Project Excecuter DataLoad,0.53448677062988,0.003494785856137779,0.006538582520984081,0.007049904929267035,5.0,6.0,0.007651249567667644,0.01470115449693468,-71.2,46.8,2022-12-08
1024,Project Excecuter DataLoad,0.20937919616699002,0.013664228525426656,0.06526067907209193,0.0027871794170803493,5.0,6.0,0.003043015797932943,0.0058301952150132934,19.8184,41.3253,2022-12-09
1027,Project Excecuter DataLoad,0.28626918792724,0.018647008438905082,0.06513802122373064,0.0037580728530883785,5.0,6.0,0.004198153813680013,0.007956226666768393,19.8184,41.3253,2022-12-10
1030,Project Excecuter DataLoad,0.24449825286865,0.015899044586552512,0.06502723189230186,0.0032388501697116433,5.0,6.0,0.003544886906941732,0.006783737076653375,19.8184,41.3253,2022-12-11
1033,Project Excecuter DataLoad,0.22008419036865,0.014437520205974578,0.0655999878128047,0.00292360782623291,5.0,6.0,0.0032365322113037114,0.006160140037536622,19.8184,41.3253,2022-12-12
1036,Project Excecuter DataLoad,0.22609233856201,0.015020670917299058,0.06643600138259108,0.0030305650499131945,5.0,6.0,0.0033783912658691406,0.0064089563157823356,19.8184,41.3253,2022-12-13
1039,Project Excecuter DataLoad,0.26381015777587,0.017373141553666857,0.0658547104483607,0.003529257244533962,5.0,6.0,0.0038834412892659502,0.007412698533799913,19.8184,41.3253,2022-12-14
1042,Project Excecuter DataLoad,0.22022724151610998,0.014439227594269646,0.0655651294311525,0.002923938963148329,5.0,6.0,0.003236929575602213,0.006160868538750542,19.8184,41.3253,2022-12-15
1045,Project Excecuter DataLoad,0.19981861114500998,0.013264544447263082,0.06638292785268268,0.002686182657877604,5.0,6.0,0.002973477045694987,0.005659659703572591,19.8184,41.3253,2022-12-16
1048,Project Excecuter DataLoad,0.21848678588867002,0.014006171835793392,0.06410534979872934,0.002844466103447808,5.0,6.0,0.003131628036499023,0.005976094139946831,19.8184,41.3253,2022-12-17
1051,Project Excecuter DataLoad,0.22649765014648,0.014935146285427942,0.06593951979532166,0.003022286627027724,5.0,6.0,0.0033501784006754565,0.006372465027703181,19.8184,41.3253,2022-12-18
1054,Project Excecuter DataLoad,0.23448467254638,0.015122338129414456,0.06449179797209514,0.003095799022250705,5.0,6.0,0.003356536229451497,0.006452335251702203,19.8184,41.3253,2022-12-19
1057,Project Excecuter DataLoad,0.24909973144530997,0.01584766772058275,0.06361977039731156,0.003257062700059678,5.0,6.0,0.003504753112792969,0.006761815812852647,19.8184,41.3253,2022-12-20
1060,Project Excecuter DataLoad,0.26302337646484003,0.017499488287501867,0.06653206465031022,0.0035279326968722874,5.0,6.0,0.0039386749267578125,0.007466607623630099,19.8184,41.3253,2022-12-21
1063,Project Excecuter DataLoad,0.22966861724853,0.014861418154504567,0.06470809260989424,0.0030345386928982204,5.0,6.0,0.003306468327840168,0.006341007020738391,19.8184,41.3253,2022-12-22
1066,Project Excecuter DataLoad,0.27499198913574,0.017592618558141915,0.06397502201221511,0.0036233001285129124,5.0,6.0,0.003883043924967448,0.0075063440534803615,19.8184,41.3253,2022-12-23
1069,Project Excecuter DataLoad,0.3394603729248,0.02058799849616157,0.06064919542382669,0.004161066479153103,5.0,6.0,0.004623333613077799,0.008784400092230903,19.8184,41.3253,2022-12-24
1072,Project Excecuter DataLoad,0.2199649810791,0.014392972893185087,0.0654330194859937,0.0029232766893174914,5.0,6.0,0.003217856089274089,0.006141132778591581,19.8184,41.3253,2022-12-25
1075,Project Excecuter DataLoad,0.23622512817382002,0.015265137877729207,0.06462114338020905,0.003134873178270128,5.0,6.0,0.0033783912658691406,0.006513264444139269,19.8184,41.3253,2022-12-26
1078,Project Excecuter DataLoad,0.23260116577148,0.014973795347743566,0.06437540971937498,0.0030352009667290584,5.0,6.0,0.0033537546793619795,0.006388955646091037,19.8184,41.3253,2022-12-27
1081,Project Excecuter DataLoad,0.22919178009033,0.015005925291114388,0.06547322633124128,0.0030679835213555232,5.0,6.0,0.003334681193033854,0.006402664714389377,19.8184,41.3253,2022-12-28
1084,Project Excecuter DataLoad,0.23119449615478,0.015233007934358387,0.06588828102620514,0.0030861960517035592,5.0,6.0,0.00341335932413737,0.0064995553758409284,19.8184,41.3253,2022-12-29
1087,Project Excecuter DataLoad,0.47619342803955,0.03168664328257243,0.06654153841018709,0.006401538848876954,5.0,6.0,0.007118384043375651,0.013519922892252605,19.8184,41.3253,2022-12-30
1090,Project Excecuter DataLoad,0.28560161590576,0.01878422037098143,0.06577070760404784,0.0038150284025404192,5.0,6.0,0.004199743270874024,0.008014771673414443,19.8184,41.3253,2022-12-31
1093,Project Excecuter DataLoad,0.21629333496093,0.0142996874054273,0.06611247363683129,0.002889831860860189,5.0,6.0,0.0032114982604980473,0.006101330121358235,19.8184,41.3253,2023-01-01
1096,Project Excecuter DataLoad,0.22997856140136,0.015285316103034553,0.06646409130439793,0.003081891271803114,5.0,6.0,0.0034399827321370444,0.006521874003940159,19.8184,41.3253,2023-01-02
