,project_name,date,duration,emissions,emissions_rate,cpu_power,ram_power,cpu_energy,ram_energy,energy_consumed
0,logisticregressionmodel,2022-01-01,0.0082960128784179,5.801208731863232e-10,6.992767268907028e-08,5.0,6.0,1.1354022555881076e-08,1.3398329416910809e-08,2.4752351972791888e-08
1,logisticregressionmodel,2022-01-02,0.0083539485931396,5.8693490465482e-10,7.025838118477507e-08,5.0,6.0,1.1499722798665364e-08,1.3543367385864256e-08,2.5043090184529625e-08
2,logisticregressionmodel,2022-01-03,0.0100972652435302,7.09589023258951e-10,7.027536725487267e-08,5.0,6.0,1.3901458846198188e-08,1.6374985376993816e-08,3.0276444223192006e-08
3,logisticregressionmodel,2022-01-04,0.0096697807312011,6.805292744768992e-10,7.037690857674335e-08,5.0,6.0,1.3317995601230197e-08,1.5718539555867514e-08,2.9036535157097723e-08
4,logisticregressionmodel,2022-01-05,0.0092532634735107,6.44147934251361e-10,6.961305447481959e-08,5.0,6.0,1.2637509240044488e-08,1.48467222849528e-08,2.7484231524997288e-08
5,logisticregressionmodel,2022-01-06,0.0087571144104003,6.15955849157439e-10,7.03377642783677e-08,5.0,6.0,1.2059675322638616e-08,1.4221668243408204e-08,2.6281343566046826e-08
6,logisticregressionmodel,2022-01-07,0.0071208477020263,4.98805729548136e-10,7.004864454637786e-08,5.0,6.0,9.79304313659668e-09,1.14897886912028e-08,2.128283182779948e-08
7,logisticregressionmodel,2022-01-08,0.0099341869354248,6.89322324196497e-10,6.938890204878362e-08,5.0,6.0,1.3518333435058594e-08,1.589337984720866e-08,2.941171328226725e-08
8,logisticregressionmodel,2022-01-09,0.0084767341613769,5.916193572680156e-10,6.979331261367688e-08,5.0,6.0,1.1624892552693683e-08,1.3618071873982747e-08,2.524296442667644e-08
9,logisticregressionmodel,2022-01-10,0.0090730190277099,6.376971108383601e-10,7.028499652549672e-08,5.0,6.0,1.2485848532782661e-08,1.4723141988118493e-08,2.7208990520901148e-08
10,logisticregressionmodel,2022-01-11,0.0092232227325439,6.485281613137988e-10,7.031470236813007e-08,5.0,6.0,1.2694464789496529e-08,1.4976660410563153e-08,2.7671125200059683e-08
11,logisticregressionmodel,2022-01-12,0.0084528923034667,5.9119716670778e-10,6.994022229116916e-08,5.0,6.0,1.1581844753689236e-08,1.3643105824788412e-08,2.5224950578477647e-08
12,logisticregressionmodel,2022-01-13,0.0081019401550292,5.67552943163448e-10,7.005148548414522e-08,5.0,6.0,1.1112623744540744e-08,1.3103485107421875e-08,2.4216108851962617e-08
13,logisticregressionmodel,2022-01-14,0.0081431865692138,5.689809406465955e-10,6.987202562663675e-08,5.0,6.0,1.1141763793097602e-08,1.3135274251302084e-08,2.4277038044399685e-08
14,logisticregressionmodel,2022-01-15,0.0086472034454345,6.0141045305464e-10,6.954970550301606e-08,5.0,6.0,1.177920235527886e-08,1.3881524403889974e-08,2.5660726759168852e-08
15,logisticregressionmodel,2022-01-16,0.0083892345428466,5.85582963559362e-10,6.98017155878276e-08,5.0,6.0,1.1468264791700577e-08,1.3517141342163086e-08,2.4985406133863663e-08
16,logisticregressionmodel,2022-01-17,0.008631944656372,6.067654436164433e-10,7.02930182909052e-08,5.0,6.0,1.1884503894382052e-08,1.400470733642578e-08,2.588921123080784e-08
17,logisticregressionmodel,2022-01-18,0.0075149536132812,5.28183673421542e-10,7.028435577939935e-08,5.0,6.0,1.0344386100769044e-08,1.2191931406656902e-08,2.2536317507425946e-08
18,logisticregressionmodel,2022-01-19,0.008448839187622,5.934804105096394e-10,7.024401782662817e-08,5.0,6.0,1.1629197332594132e-08,1.3693173726399742e-08,2.5322371058993872e-08
19,logisticregressionmodel,2022-01-20,0.0087039470672607,6.093715390231876e-10,7.001094265787689e-08,5.0,6.0,1.1940466033087836e-08,1.4059940973917645e-08,2.600040700700548e-08
20,logisticregressionmodel,2022-01-21,0.0082578659057617,5.80527542034785e-10,7.0299947790353e-08,5.0,6.0,1.1366605758666993e-08,1.3403097788492838e-08,2.4769703547159832e-08
21,logisticregressionmodel,2022-01-22,0.0081880092620849,5.75442629257838e-10,7.02786978908851e-08,5.0,6.0,1.1269251505533854e-08,1.3283491134643556e-08,2.4552742640177412e-08
22,logisticregressionmodel,2022-01-23,0.008188247680664,5.73244754870732e-10,7.00082334129203e-08,5.0,6.0,1.1215607325236005e-08,1.3243357340494792e-08,2.4458964665730795e-08
23,logisticregressionmodel,2022-01-24,0.0090510845184326,6.36346721914079e-10,7.03061296818247e-08,5.0,6.0,1.2456046210394964e-08,1.4695326487223309e-08,2.7151372697618283e-08
24,logisticregressionmodel,2022-01-25,0.0108478069305419,7.57028030951817e-10,6.978627438698287e-08,5.0,6.0,1.4813741048177085e-08,1.7486810684204103e-08,3.2300551732381186e-08
25,logisticregressionmodel,2022-01-26,0.0095529556274414,6.71565485927793e-10,7.029923639535016e-08,5.0,6.0,1.3154082828097874e-08,1.5499989191691083e-08,2.8654072019788962e-08
26,logisticregressionmodel,2022-01-27,0.0097060203552246,6.77302310599221e-10,6.978167011927185e-08,5.0,6.0,1.3255410724216035e-08,1.5643437703450523e-08,2.8898848427666562e-08
27,logisticregressionmodel,2022-01-28,0.0083687305450439,5.88435854183303e-10,7.031363371255647e-08,5.0,6.0,1.1519259876675076e-08,1.3587872187296552e-08,2.5107132063971624e-08
28,logisticregressionmodel,2022-01-29,0.0083620548248291,5.87852237820625e-10,7.029997412539563e-08,5.0,6.0,1.1508663495381673e-08,1.3573567072550457e-08,2.5082230567932133e-08
29,logisticregressionmodel,2022-01-30,0.0094377994537353,6.63958294987678e-10,7.035096456991285e-08,5.0,6.0,1.29928191502889e-08,1.533667246500651e-08,2.8329491615295413e-08
30,logisticregressionmodel,2022-01-31,0.0147740840911865,1.0368161986933815e-09,7.017803555835275e-08,5.0,6.0,2.0341740714179146e-08,2.3896694183349613e-08,4.423843489752875e-08
31,logisticregressionmodel,2022-02-01,0.0076730251312255,5.375479221343995e-10,7.005684367523227e-08,5.0,6.0,1.0546048482259114e-08,1.2389818827311198e-08,2.293586730957032e-08
32,logisticregressionmodel,2022-02-02,0.0084891319274902,5.924342471361162e-10,6.978737663596024e-08,5.0,6.0,1.1596083641052246e-08,1.3681650161743164e-08,2.527773380279541e-08
33,logisticregressionmodel,2022-02-03,0.0100648403167724,7.079483783245084e-10,7.033875909037073e-08,5.0,6.0,1.3858079910278321e-08,1.6348361968994142e-08,3.020644187927246e-08
34,logisticregressionmodel,2022-02-04,0.008270263671875,5.811716930733788e-10,7.027245032704237e-08,5.0,6.0,1.1382169193691676e-08,1.3415018717447918e-08,2.47971879111396e-08
35,logisticregressionmodel,2022-02-05,0.0085260868072509,5.984318365653357e-10,7.018833494123021e-08,5.0,6.0,1.1725227038065592e-08,1.3808409372965496e-08,2.5533636411031088e-08
36,logisticregressionmodel,2022-02-06,0.0083589553833007,5.81964852544996e-10,6.962172016226155e-08,5.0,6.0,1.1395745807223853e-08,1.3435284296671551e-08,2.48310301038954e-08
37,logisticregressionmodel,2022-02-07,0.0079720020294189,5.592084709140991e-10,7.014655400869963e-08,5.0,6.0,1.0941757096184624e-08,1.291831334431966e-08,2.3860070440504288e-08
38,logisticregressionmodel,2022-02-08,0.009718894958496,6.737850907113817e-10,6.932733542123227e-08,5.0,6.0,1.3187196519639758e-08,1.5561580657958986e-08,2.8748777177598745e-08
39,logisticregressionmodel,2022-02-09,0.0082759857177734,5.815907792912591e-10,7.02745025335459e-08,5.0,6.0,1.139011647966173e-08,1.3424952824910482e-08,2.4815069304572212e-08
40,logisticregressionmodel,2022-02-10,0.0095758438110351,6.730384963750841e-10,7.02850328030077e-08,5.0,6.0,1.3177593549092612e-08,1.5539328257242837e-08,2.8716921806335452e-08
41,logisticregressionmodel,2022-02-11,0.0139658451080322,9.76311014029714e-10,6.990704869469057e-08,5.0,6.0,1.912348800235324e-08,2.2533337275187173e-08,4.1656825277540424e-08
42,logisticregressionmodel,2022-02-12,0.0249099731445312,1.75016768488619e-09,7.025971785402842e-08,5.0,6.0,3.4173660808139374e-08,4.0501753489176434e-08,7.467541429731582e-08
43,logisticregressionmodel,2022-02-13,0.0083239078521728,5.802326295110916e-10,6.970675790934292e-08,5.0,6.0,1.136395666334364e-08,1.3393163681030274e-08,2.4757120344373924e-08
44,logisticregressionmodel,2022-02-14,0.0063822269439697,4.4733418113655516e-10,7.009061023115462e-08,5.0,6.0,8.77943303849962e-09,1.0307232538859052e-08,1.908666557735867e-08
45,logisticregressionmodel,2022-02-15,0.0086951255798339,6.03047993646727e-10,6.935471927459404e-08,5.0,6.0,1.180536217159695e-08,1.3925234476725261e-08,2.573059664832221e-08
46,logisticregressionmodel,2022-02-16,0.0104298591613769,7.29163453976313e-10,6.991115054328779e-08,5.0,6.0,1.4273325602213541e-08,1.6838312149047853e-08,3.1111637751261395e-08
47,logisticregressionmodel,2022-02-17,0.0086040496826171,6.030914544396931e-10,7.009390655404075e-08,5.0,6.0,1.181397173139784e-08,1.3918479283650716e-08,2.5732451015048573e-08
48,logisticregressionmodel,2022-02-18,0.0082521438598632,5.788403319650221e-10,7.014423667289445e-08,5.0,6.0,1.1370910538567438e-08,1.3326803843180338e-08,2.4697714381747776e-08
49,logisticregressionmodel,2022-02-19,0.0100531578063964,7.074873834848404e-10,7.03746421880188e-08,5.0,6.0,1.3843178749084472e-08,1.6343593597412113e-08,3.0186772346496586e-08
50,logisticregressionmodel,2022-02-20,0.0095047950744628,6.66953985359933e-10,7.017026460169347e-08,5.0,6.0,1.3047125604417587e-08,1.5410184860229495e-08,2.8457310464647084e-08
51,logisticregressionmodel,2022-02-21,0.0084569454193115,5.9462125632498e-10,7.03115873217245e-08,5.0,6.0,1.164608531528049e-08,1.3724962870279948e-08,2.5371048185560442e-08
52,logisticregressionmodel,2022-02-22,0.0099408626556396,6.98938024640083e-10,7.03095947355798e-08,5.0,6.0,1.3682246208190917e-08,1.6139745712280275e-08,2.9821991920471195e-08
53,logisticregressionmodel,2022-02-23,0.0083668231964111,5.881347329749003e-10,7.0293672899312e-08,5.0,6.0,1.15179353290134e-08,1.3576348622639977e-08,2.5094283951653372e-08
54,logisticregressionmodel,2022-02-24,0.0083258152008056,5.85309781432151e-10,7.030059727671032e-08,5.0,6.0,1.146097977956136e-08,1.351277033487956e-08,2.4973750114440923e-08
55,logisticregressionmodel,2022-02-25,0.0062921047210693,4.3736148132218256e-10,6.95095680556082e-08,5.0,6.0,8.576446109347874e-09,1.0084708531697593e-08,1.8661154641045467e-08
56,logisticregressionmodel,2022-02-26,0.0084390640258789,5.92215391000112e-10,7.017548263457267e-08,5.0,6.0,1.1593103408813477e-08,1.3675292332967122e-08,2.52683957417806e-08
57,logisticregressionmodel,2022-02-27,0.0258440971374511,1.8168862107727263e-09,7.030178694615112e-08,5.0,6.0,3.5506818029615623e-08,4.2015314102172856e-08,7.752213213178849e-08
58,logisticregressionmodel,2022-02-28,0.0149052143096923,1.0475510145558254e-09,7.028084217981599e-08,5.0,6.0,2.05430719587538e-08,2.4153391520182292e-08,4.4696463478936096e-08
59,logisticregressionmodel,2022-03-01,0.0156772136688232,1.096133972406387e-09,6.991892791422707e-08,5.0,6.0,2.146561940511068e-08,2.530376116434733e-08,4.6769380569458016e-08
60,logisticregressionmodel,2022-03-02,0.0085759162902832,5.986041275660198e-10,6.980060290983229e-08,5.0,6.0,1.1726220448811848e-08,1.3814767201741536e-08,2.5540987650553384e-08
61,logisticregressionmodel,2022-03-03,0.0084128379821777,5.883706629938551e-10,6.99372392812384e-08,5.0,6.0,1.1519259876675076e-08,1.3585090637207032e-08,2.5104350513882108e-08
62,logisticregressionmodel,2022-03-04,0.0095851421356201,6.741700291633608e-10,7.033490162425694e-08,5.0,6.0,1.3198455174763998e-08,1.5566746393839518e-08,2.8765201568603524e-08
63,logisticregressionmodel,2022-03-05,0.0097339153289794,6.849995274676214e-10,7.037245592513669e-08,5.0,6.0,1.3405415746900772e-08,1.582185427347819e-08,2.9227270020378962e-08
64,logisticregressionmodel,2022-03-06,0.0084421634674072,5.93348475959566e-10,7.02839358951428e-08,5.0,6.0,1.1619594362046984e-08,1.3697147369384764e-08,2.5316741731431748e-08
65,logisticregressionmodel,2022-03-07,0.0118410587310791,8.252459541956585e-10,6.969359522131617e-08,5.0,6.0,1.6172726949055992e-08,1.903851826985677e-08,3.5211245218912766e-08
66,logisticregressionmodel,2022-03-08,0.0081069469451904,5.700302083624734e-10,7.031379534322136e-08,5.0,6.0,1.1158320638868545e-08,1.3163487116495773e-08,2.432180775536432e-08
67,logisticregressionmodel,2022-03-09,0.0164380073547363,1.1633080675032115e-10,7.076940911381358e-09,5.0,6.0,2.2640493181016712e-08,2.629518508911133e-08,4.8935678270128064e-08
68,logisticregressionmodel,2022-03-10,0.0110042095184326,7.71140371296141e-10,7.00768528629377e-08,5.0,6.0,1.5121036105685765e-08,1.7781654993693035e-08,3.29026910993788e-08
69,logisticregressionmodel,2022-03-11,0.0082588195800781,5.805570332871544e-10,7.029540089331537e-08,5.0,6.0,1.1366274621751572e-08,1.3404687245686849e-08,2.4770961867438426e-08
70,logisticregressionmodel,2022-03-12,0.00830078125,5.839112752013735e-10,7.03441348007302e-08,5.0,6.0,1.1427534951104056e-08,1.3486544291178384e-08,2.491407924228244e-08
71,logisticregressionmodel,2022-03-13,0.0088517665863037,6.229902889331184e-10,7.038033401118685e-08,5.0,6.0,1.2190143267313642e-08,1.4391342798868817e-08,2.6581486066182457e-08
72,logisticregressionmodel,2022-03-14,0.0087549686431884,6.156128193272485e-10,7.031582229665739e-08,5.0,6.0,1.2055370542738172e-08,1.4211336771647136e-08,2.6266707314385323e-08
73,logisticregressionmodel,2022-03-15,0.0087769031524658,6.17523542046547e-10,7.035779378208785e-08,5.0,6.0,1.2084841728210448e-08,1.4263391494750976e-08,2.6348233222961426e-08
74,logisticregressionmodel,2022-03-16,0.0095517635345458,6.708592480421068e-10,7.023407202406213e-08,5.0,6.0,1.3135870297749838e-08,1.5488068262736003e-08,2.8623938560485852e-08
75,logisticregressionmodel,2022-03-17,0.008901834487915,6.22572754886415e-10,6.993757924072934e-08,5.0,6.0,1.2191798951890734e-08,1.4371871948242188e-08,2.6563670900132933e-08
76,logisticregressionmodel,2022-03-18,0.0098979473114013,6.96563202738762e-10,7.037451108033245e-08,5.0,6.0,1.363058884938558e-08,1.6090075174967448e-08,2.9720664024353032e-08
77,logisticregressionmodel,2022-03-19,0.0077481269836425,5.366383498244816e-10,6.926039686202913e-08,5.0,6.0,1.0575188530815973e-08,1.2321869532267253e-08,2.2897058063083224e-08
78,logisticregressionmodel,2022-03-20,0.008681297302246,6.10389763315518e-10,7.031089272309497e-08,5.0,6.0,1.1951724688212076e-08,1.4092127482096356e-08,2.6043852170308432e-08
79,logisticregressionmodel,2022-03-21,0.0099687576293945,6.995682061380812e-10,7.017606728398015e-08,5.0,6.0,1.3710723982916938e-08,1.6138156255086264e-08,2.98488802380032e-08
80,logisticregressionmodel,2022-03-22,0.0088798999786376,6.228164457612563e-10,7.013777714383739e-08,5.0,6.0,1.2187494171990289e-08,1.4386574427286784e-08,2.6574068599277083e-08
81,logisticregressionmodel,2022-03-23,0.0082349777221679,5.749924996164111e-10,6.982320037959211e-08,5.0,6.0,1.1259979671902129e-08,1.3273557027180992e-08,2.4533536699083133e-08
82,logisticregressionmodel,2022-03-24,0.010897159576416,7.60750137435065e-10,6.98117827953539e-08,5.0,6.0,1.4895863003200957e-08,1.7563501993815105e-08,3.245936499701606e-08
83,logisticregressionmodel,2022-03-25,0.008768081665039,6.12187177538871e-10,6.981996757396129e-08,5.0,6.0,1.1983513832092286e-08,1.4137029647827149e-08,2.612054347991944e-08
84,logisticregressionmodel,2022-03-26,0.0061140060424804,4.2902166558636565e-10,7.017030447884713e-08,5.0,6.0,8.408559693230524e-09,9.89675521850586e-09,1.8305314911736383e-08
85,logisticregressionmodel,2022-03-27,0.0079030990600585,5.562872847583559e-10,7.038849956591984e-08,5.0,6.0,1.0883476999070913e-08,1.2851953506469729e-08,2.3735430505540635e-08
86,logisticregressionmodel,2022-03-28,0.0080969333648681,5.68828827871216e-10,7.02523785535042e-08,5.0,6.0,1.1140439245435926e-08,1.313010851542155e-08,2.4270547760857483e-08
87,logisticregressionmodel,2022-03-29,0.0090408325195312,6.357491360108059e-10,7.031975591156822e-08,5.0,6.0,1.2444456418355309e-08,1.4681418736775716e-08,2.7125875155131024e-08
88,logisticregressionmodel,2022-03-30,0.0096120834350585,6.76429990397559e-10,7.037287961217496e-08,5.0,6.0,1.323488023546007e-08,1.5626748402913414e-08,2.886162863837349e-08
89,logisticregressionmodel,2022-03-31,0.0085728168487548,5.97804759409692e-10,6.973259431017915e-08,5.0,6.0,1.1704034275478788e-08,1.380284627278646e-08,2.550688054826525e-08
90,logisticregressionmodel,2022-04-01,0.010498046875,7.328327866395316e-10,6.980658358315167e-08,5.0,6.0,1.4436244964599613e-08,1.6831954320271813e-08,3.126819928487142e-08
91,logisticregressionmodel,2022-04-02,0.0091781616210937,6.398158244954216e-10,6.971067310745129e-08,5.0,6.0,1.2530552016364204e-08,1.4768838882446287e-08,2.7299390898810493e-08
92,logisticregressionmodel,2022-04-03,0.0082559585571289,5.77061543795797e-10,6.989637118484722e-08,5.0,6.0,1.1315279536777073e-08,1.3306538263956706e-08,2.462181780073378e-08
93,logisticregressionmodel,2022-04-04,0.0140738487243652,9.863054442405702e-10,7.008071946467898e-08,5.0,6.0,1.9321839014689127e-08,2.2761424382527683e-08,4.20832633972168e-08
94,logisticregressionmodel,2022-04-05,0.0084397792816162,5.932149892383152e-10,7.028797429933678e-08,5.0,6.0,1.1616282992892797e-08,1.3694763183593753e-08,2.5311046176486543e-08
95,logisticregressionmodel,2022-04-06,0.0107021331787109,7.505896249082355e-10,7.013458087041329e-08,5.0,6.0,1.4711088604397244e-08,1.7314751942952473e-08,3.202584054734972e-08
96,logisticregressionmodel,2022-04-07,0.0084638595581054,5.947873386409549e-10,7.027377221439753e-08,5.0,6.0,1.1658337381150988e-08,1.3719797134399415e-08,2.53781345155504e-08
97,logisticregressionmodel,2022-04-08,0.00972580909729,6.83355778190824e-10,7.026210070082831e-08,5.0,6.0,1.3380580478244357e-08,1.5776554743448894e-08,2.9157135221693253e-08
98,logisticregressionmodel,2022-04-09,0.0092339515686035,6.480081839693918e-10,7.017669295263506e-08,5.0,6.0,1.2704067760043677e-08,1.4944871266682945e-08,2.7648939026726618e-08
99,logisticregressionmodel,2022-04-10,0.0099368095397949,6.99192580713166e-10,7.036389073505341e-08,5.0,6.0,1.3681583934360081e-08,1.6151269276936853e-08,2.983285321129693e-08
100,logisticregressionmodel,2022-04-11,0.0084149837493896,5.91440857582622e-10,7.028425427743936e-08,5.0,6.0,1.1583500438266329e-08,1.3651847839355468e-08,2.52353482776218e-08
101,logisticregressionmodel,2022-04-12,0.0080838203430175,5.651067213879692e-10,6.990589812848594e-08,5.0,6.0,1.1058317290412054e-08,1.3053417205810549e-08,2.41117344962226e-08
102,logisticregressionmodel,2022-04-13,0.0113298892974853,7.898176470730041e-10,6.971097654487259e-08,5.0,6.0,1.5519393814934625e-08,1.8180211385091147e-08,3.369960520002577e-08
103,logisticregressionmodel,2022-04-14,0.0081739425659179,5.74548578659693e-10,7.029026372846422e-08,5.0,6.0,1.1251370112101237e-08,1.3263225555419922e-08,2.4514595667521164e-08
104,logisticregressionmodel,2022-04-15,0.0100679397583007,7.066135111120013e-10,7.01845191842169e-08,5.0,6.0,1.3852781719631618e-08,1.6296704610188806e-08,3.0149486329820426e-08
105,logisticregressionmodel,2022-04-16,0.0083329677581787,5.863481839497886e-10,7.036486891171452e-08,5.0,6.0,1.1477867762247724e-08,1.3540188471476238e-08,2.5018056233723962e-08
106,logisticregressionmodel,2022-04-17,0.0082488059997558,5.752206687794792e-10,6.973380981399055e-08,5.0,6.0,1.126494672563341e-08,1.3278325398763022e-08,2.454327212439643e-08
107,logisticregressionmodel,2022-04-18,0.0081701278686523,5.744989091820185e-10,7.031700340777921e-08,5.0,6.0,1.1246071921454536e-08,1.3266404469807943e-08,2.4512476391262482e-08
108,logisticregressionmodel,2022-04-19,0.0082888603210449,5.82672642601861e-10,7.029586939986068e-08,5.0,6.0,1.1409653557671442e-08,1.3451576232910156e-08,2.48612297905816e-08
109,logisticregressionmodel,2022-04-20,0.0106651782989501,7.40283208290736e-10,6.941123603752637e-08,5.0,6.0,1.4611085255940754e-08,1.6975005467732748e-08,3.15860907236735e-08
110,logisticregressionmodel,2022-04-21,0.0083053112030029,5.838088319036697e-10,7.029343243544967e-08,5.0,6.0,1.142952177259657e-08,1.3480186462402344e-08,2.490970823499892e-08
111,logisticregressionmodel,2022-04-22,0.0081150531768798,5.67037622332573e-10,6.9874788245145e-08,5.0,6.0,1.1129180590311686e-08,1.3064940770467123e-08,2.4194121360778808e-08
112,logisticregressionmodel,2022-04-23,0.0094580650329589,6.609175916512809e-10,6.987873199731118e-08,5.0,6.0,1.2936194737752278e-08,1.5263557434082033e-08,2.8199752171834323e-08
113,logisticregressionmodel,2022-04-24,0.0095260143280029,6.6965165886614e-10,7.029715007856061e-08,5.0,6.0,1.3119313451978897e-08,1.5453100204467773e-08,2.8572413656446668e-08
114,logisticregressionmodel,2022-04-25,0.0091209411621093,6.40248880253897e-10,7.019548409254614e-08,5.0,6.0,1.2561347749498156e-08,1.4756520589192709e-08,2.7317868338690863e-08
115,logisticregressionmodel,2022-04-26,0.0083601474761962,5.867719266812007e-10,7.018679136365798e-08,5.0,6.0,1.1502703030904133e-08,1.3533433278401692e-08,2.5036136309305824e-08
116,logisticregressionmodel,2022-04-27,0.0086619853973388,6.08974183201789e-10,7.03042264870221e-08,5.0,6.0,1.192192236582438e-08,1.4061530431111652e-08,2.598345279693603e-08
117,logisticregressionmodel,2022-04-28,0.0089151859283447,6.22473415931065e-10,6.982169759937245e-08,5.0,6.0,1.2189149856567382e-08,1.4370282491048177e-08,2.6559432347615564e-08
118,logisticregressionmodel,2022-04-29,0.008552074432373,6.012412663963106e-10,7.03035586454171e-08,5.0,6.0,1.1773573027716742e-08,1.3879934946695964e-08,2.5653507974412704e-08
119,logisticregressionmodel,2022-04-30,0.006181001663208,4.3364092701011237e-10,7.015706363441554e-08,5.0,6.0,8.505913946363661e-09,9.996493657430013e-09,1.8502407603793675e-08
120,logisticregressionmodel,2022-05-01,0.0091309547424316,6.396807856029935e-10,7.005628695435213e-08,5.0,6.0,1.2565321392483182e-08,1.4728307723999024e-08,2.72936291164822e-08
121,logisticregressionmodel,2022-05-02,0.0081591606140136,5.731562811136247e-10,7.024696635205425e-08,5.0,6.0,1.1226534843444824e-08,1.3228654861450197e-08,2.4455189704895025e-08
122,logisticregressionmodel,2022-05-03,0.0095059871673583,6.673792802625233e-10,7.02062046279808e-08,5.0,6.0,1.3087524308098689e-08,1.5387932459513346e-08,2.8475456767612053e-08
123,logisticregressionmodel,2022-05-04,0.0088288784027099,6.207101494736143e-10,7.030453033344436e-08,5.0,6.0,1.2154049343532989e-08,1.4330148696899414e-08,2.64841980404324e-08
124,logisticregressionmodel,2022-05-05,0.008085012435913,5.661218413379459e-10,7.002114663711219e-08,5.0,6.0,1.1090106434292264e-08,1.3064940770467123e-08,2.4155047204759388e-08
125,logisticregressionmodel,2022-05-06,0.0095407962799072,6.714475209183165e-10,7.037646557157655e-08,5.0,6.0,1.3137525982326932e-08,1.5511512756347658e-08,2.86490387386746e-08
126,logisticregressionmodel,2022-05-07,0.0094482898712158,6.64602446026272e-10,7.034103050235378e-08,5.0,6.0,1.3008382585313586e-08,1.5348593393961588e-08,2.835697597927517e-08
127,logisticregressionmodel,2022-05-08,0.0063867568969726,4.4795039309395686e-10,7.013737963101224e-08,5.0,6.0,8.783075544569227e-09,1.0329882303873698e-08,1.9112957848442923e-08
128,logisticregressionmodel,2022-05-09,0.0090880393981933,6.38926430410809e-10,7.030409997318271e-08,5.0,6.0,1.2509690390692818e-08,1.4751752217610681e-08,2.7261442608303498e-08
129,logisticregressionmodel,2022-05-10,0.0293271541595459,2.070427163905568e-09,7.059761586964792e-08,5.0,6.0,4.03917498058743e-08,4.7948360443115263e-08,8.834011024898954e-08
130,logisticregressionmodel,2022-05-11,0.0081522464752197,5.72915694581137e-10,7.027703300220644e-08,5.0,6.0,1.1218256420559351e-08,1.3226668039957682e-08,2.444492446051704e-08
131,logisticregressionmodel,2022-05-12,0.0082950592041015,5.81967956887351e-10,7.015838495758925e-08,5.0,6.0,1.1410978105333118e-08,1.3420184453328453e-08,2.483116255866157e-08
132,logisticregressionmodel,2022-05-13,0.007267951965332,5.063927422629464e-10,6.967475083468196e-08,5.0,6.0,9.934769736395942e-09,1.1671781539916992e-08,2.1606551276312936e-08
133,logisticregressionmodel,2022-05-14,0.0063087940216064,4.428421977493497e-10,7.019442959029851e-08,5.0,6.0,8.688701523674859e-09,1.0206302007039389e-08,1.8895003530714253e-08
134,logisticregressionmodel,2022-05-15,0.0087239742279052,6.135825794272954e-10,7.033291976776318e-08,5.0,6.0,1.2009673648410373e-08,1.4170408248901368e-08,2.618008189731174e-08
135,logisticregressionmodel,2022-05-16,0.0084819793701171,5.96665465765529e-10,7.034507391843442e-08,5.0,6.0,1.1674894226921933e-08,1.3783375422159832e-08,2.5458269649081763e-08
136,logisticregressionmodel,2022-05-17,0.0071692466735839,5.03634534080823e-10,7.024929633632634e-08,5.0,6.0,9.865562121073404e-09,1.1623303095499674e-08,2.148886521657308e-08
137,logisticregressionmodel,2022-05-18,0.0074682235717773,5.246307535966236e-10,7.024839957646958e-08,5.0,6.0,1.0277827580769856e-08,1.2106895446777343e-08,2.23847230275472e-08
138,logisticregressionmodel,2022-05-19,0.0072920322418212,5.09057820174429e-10,6.981014390678076e-08,5.0,6.0,9.992056422763401e-09,1.1728207270304362e-08,2.172026369306776e-08
139,logisticregressionmodel,2022-05-20,0.0086410045623779,6.078674851523506e-10,7.034685385990247e-08,5.0,6.0,1.1895762549506296e-08,1.4040470123291017e-08,2.5936232672797323e-08
140,logisticregressionmodel,2022-05-21,0.0069739818572998,4.894523460335203e-10,7.018262393688347e-08,5.0,6.0,9.597010082668733e-09,1.1286735534667969e-08,2.08837456173367e-08
141,logisticregressionmodel,2022-05-22,0.0083720684051513,5.8338353700108e-10,6.968212737513252e-08,5.0,6.0,1.1424885855780713e-08,1.3466676076253256e-08,2.4891561932033965e-08
142,logisticregressionmodel,2022-05-23,0.0081560611724853,5.731205811765456e-10,7.026928428516214e-08,5.0,6.0,1.122223006354438e-08,1.3231436411539712e-08,2.445366647508409e-08
143,logisticregressionmodel,2022-05-24,0.0089669227600097,6.304531279537412e-10,7.03087497045703e-08,5.0,6.0,1.2348426712883844e-08,1.4551480611165365e-08,2.689990732404921e-08
144,logisticregressionmodel,2022-05-25,0.0083248615264892,5.83783997164832e-10,7.012537029081667e-08,5.0,6.0,1.14387936062283e-08,1.3469854990641276e-08,2.4908648596869577e-08
145,logisticregressionmodel,2022-05-26,0.009667158126831,6.80246779322624e-10,7.036677898488176e-08,5.0,6.0,1.3312697410583496e-08,1.5711784362792972e-08,2.9024481773376464e-08
146,logisticregressionmodel,2022-05-27,0.0089001655578613,6.25784197052319e-10,7.03115231940352e-08,5.0,6.0,1.2255708376566573e-08,1.4444986979166666e-08,2.6700695355733235e-08
147,logisticregressionmodel,2022-05-28,0.0093350410461425,6.56040669812096e-10,7.027721319802716e-08,5.0,6.0,1.2850099139743381e-08,1.5141566594441732e-08,2.7991665734185132e-08
148,logisticregressionmodel,2022-05-29,0.00826096534729,5.801534687810475e-10,7.022828984161801e-08,5.0,6.0,1.136693689558241e-08,1.3386805852254232e-08,2.475374274783665e-08
149,logisticregressionmodel,2022-05-30,0.010498046875,7.250129482481213e-10,6.906169851219316e-08,5.0,6.0,1.42110718621148e-08,1.67234738667806e-08,3.09345457288954e-08
150,logisticregressionmodel,2022-05-31,0.0083320140838623,5.853827334774866e-10,7.025705040648857e-08,5.0,6.0,1.1465284559461809e-08,1.3511578241984048e-08,2.4976862801445854e-08
151,logisticregressionmodel,2022-06-01,0.0113120079040527,7.919782693518533e-10,7.001217432566614e-08,5.0,6.0,1.5547209315829807e-08,1.8244584401448567e-08,3.379179371727837e-08
152,logisticregressionmodel,2022-06-02,0.0091719627380371,6.45594557788637e-10,7.038783041619734e-08,5.0,6.0,1.2630886501736112e-08,1.4915068944295252e-08,2.7545955446031363e-08
153,logisticregressionmodel,2022-06-03,0.0081279277801513,5.713045408990641e-10,7.028907691505419e-08,5.0,6.0,1.1184480455186632e-08,1.3191699981689452e-08,2.4376180436876093e-08
154,logisticregressionmodel,2022-06-04,0.0094430446624755,6.6293851852417e-10,7.020389527103797e-08,5.0,6.0,1.2973944346110028e-08,1.531203587849935e-08,2.8285980224609377e-08
155,logisticregressionmodel,2022-06-05,0.0087249279022216,6.138526572121515e-10,7.035618678933069e-08,5.0,6.0,1.20136472913954e-08,1.4177958170572917e-08,2.6191605461968315e-08
156,logisticregressionmodel,2022-06-06,0.0089211463928222,6.2711751209365e-10,7.029561947309972e-08,5.0,6.0,1.2289153205023872e-08,1.4468431472778321e-08,2.67575846778022e-08
157,logisticregressionmodel,2022-06-07,0.008509874343872,5.98531175520685e-10,7.0333726602166e-08,5.0,6.0,1.1717942025926376e-08,1.3819932937622073e-08,2.5537874963548453e-08
158,logisticregressionmodel,2022-06-08,0.0088157653808593,6.14405230151282e-10,6.969391806697437e-08,5.0,6.0,1.2038813696967233e-08,1.4176368713378906e-08,2.6215182410346136e-08
159,logisticregressionmodel,2022-06-09,0.0086598396301269,6.088220704264112e-10,7.030408141836292e-08,5.0,6.0,1.1920597818162708e-08,1.4056364695231121e-08,2.5976962513393826e-08
160,logisticregressionmodel,2022-06-10,0.0092329978942871,6.479476492934759e-10,7.017738514750356e-08,5.0,6.0,1.2683206134372289e-08,1.4963150024414065e-08,2.7646356158786364e-08
161,logisticregressionmodel,2022-06-11,0.0121207237243652,8.47991470628314e-10,6.996211529214806e-08,5.0,6.0,1.6595257653130426e-08,1.9586483637491865e-08,3.618174129062229e-08
162,logisticregressionmodel,2022-06-12,0.0084240436553955,5.891405398978122e-10,6.993559910156388e-08,5.0,6.0,1.1531843079460993e-08,1.3605356216430664e-08,2.5137199295891656e-08
163,logisticregressionmodel,2022-06-13,0.0083620548248291,5.86115358273188e-10,7.00922644674441e-08,5.0,6.0,1.1509656906127933e-08,1.3498465220133464e-08,2.5008122126261392e-08
164,logisticregressionmodel,2022-06-14,0.0097517967224121,6.85209070576562e-10,7.026490503045221e-08,5.0,6.0,1.3426277372572158e-08,1.5809933344523113e-08,2.9236210717095293e-08
165,logisticregressionmodel,2022-06-15,0.0086472034454345,6.07969928450054e-10,7.030827160323631e-08,5.0,6.0,1.1901723013983831e-08,1.4038880666097004e-08,2.594060368008084e-08
166,logisticregressionmodel,2022-06-16,0.030074119567871,2.1325357413954204e-09,7.090933241063722e-08,5.0,6.0,4.158185587988959e-08,4.9408276875813813e-08,9.09901327557034e-08
167,logisticregressionmodel,2022-06-17,0.0081868171691894,5.721240872806972e-10,6.988357935167389e-08,5.0,6.0,1.1204348670111763e-08,1.3206799825032553e-08,2.4411148495144323e-08
168,logisticregressionmodel,2022-06-18,0.006098985671997,4.279273849063449e-10,7.016369736219157e-08,5.0,6.0,8.391671710544162e-09,9.866952896118164e-09,1.8258624606662325e-08
169,logisticregressionmodel,2022-06-19,0.0085952281951904,6.00578489303589e-10,6.987347812820727e-08,5.0,6.0,1.175999641418457e-08,1.3865232467651368e-08,2.5625228881835946e-08
170,logisticregressionmodel,2022-06-20,0.0108749866485595,7.54921734664175e-10,6.941817576982197e-08,5.0,6.0,1.4915400081210667e-08,1.7295281092325847e-08,3.2210681173536514e-08
171,logisticregressionmodel,2022-06-21,0.0112080574035644,7.785364669561385e-10,6.946221266751755e-08,5.0,6.0,1.522203286488851e-08,1.799623171488444e-08,3.3218264579772954e-08
172,logisticregressionmodel,2022-06-22,0.0107159614562988,7.53484424153963e-10,7.031421559575197e-08,5.0,6.0,1.4751156171162925e-08,1.739819844563802e-08,3.2149354616800954e-08
173,logisticregressionmodel,2022-06-23,0.0082898139953613,5.797033391396206e-10,6.992959546064618e-08,5.0,6.0,1.1349717775980632e-08,1.3384819030761721e-08,2.4734536806742363e-08
174,logisticregressionmodel,2022-06-24,0.0291700363159179,2.1063366243084447e-10,7.220891333477792e-09,5.0,6.0,4.0400028228759776e-08,4.820505777994793e-08,8.86050860087077e-08
175,logisticregressionmodel,2022-06-25,0.0083210468292236,5.838398753272163e-10,7.016423381692344e-08,5.0,6.0,1.145270135667589e-08,1.34583314259847e-08,2.491103278266059e-08
176,logisticregressionmodel,2022-06-26,0.0085451602935791,6.01123301386833e-10,7.034663841689687e-08,5.0,6.0,1.1766950289408369e-08,1.3881524403889974e-08,2.564847469329834e-08
177,logisticregressionmodel,2022-06-27,0.0075509548187255,5.297839619053736e-10,7.016118817074156e-08,5.0,6.0,1.0384453667534722e-08,1.2220144271850586e-08,2.260459793938531e-08
178,logisticregressionmodel,2022-06-28,0.0082201957702636,5.773781867159738e-10,7.02389824831938e-08,5.0,6.0,1.1315279536777073e-08,1.3320048650105794e-08,2.4635328186882865e-08
179,logisticregressionmodel,2022-06-29,0.0088880062103271,6.207334320412742e-10,6.983944625511535e-08,5.0,6.0,1.214709546830919e-08,1.4338095982869465e-08,2.6485191451178657e-08
180,logisticregressionmodel,2022-06-30,0.0081441402435302,5.715792751974531e-10,7.018288709499043e-08,5.0,6.0,1.1201368437872994e-08,1.318653424580892e-08,2.4387902683681924e-08
181,logisticregressionmodel,2022-07-01,0.0089938640594482,6.328279498550625e-10,7.036218756167032e-08,5.0,6.0,1.238617632124159e-08,1.4615058898925781e-08,2.700123522016737e-08
182,logisticregressionmodel,2022-07-02,0.0082199573516845,5.772835042741565e-10,7.02295011489141e-08,5.0,6.0,1.1299716101752388e-08,1.333157221476237e-08,2.4631288316514762e-08
183,logisticregressionmodel,2022-07-03,0.0102219581604003,7.18299807906151e-10,7.027027470028456e-08,5.0,6.0,1.4069676399230958e-08,1.6578435897827148e-08,3.0648112297058114e-08
184,logisticregressionmodel,2022-07-04,0.0100090503692626,7.032685822248461e-10,7.026326737095354e-08,5.0,6.0,1.3773639996846517e-08,1.6233126322428386e-08,3.0006766319274905e-08
185,logisticregressionmodel,2022-07-05,0.0091230869293212,6.412624480326972e-10,7.02900731956967e-08,5.0,6.0,1.2559692064921061e-08,1.4801422754923504e-08,2.7361114819844565e-08
186,logisticregressionmodel,2022-07-06,0.0084531307220458,5.9412611371941e-10,7.02847422162679e-08,5.0,6.0,1.1636482344733344e-08,1.3713439305623374e-08,2.534992165035672e-08
187,logisticregressionmodel,2022-07-07,0.0059428215026855,4.1685109138488776e-10,7.014363315413625e-08,5.0,6.0,8.177757263183595e-09,9.608268737792973e-09,1.7786026000976562e-08
188,logisticregressionmodel,2022-07-08,0.0084321498870849,5.931622154182859e-10,7.03453120925659e-08,5.0,6.0,1.1605686611599392e-08,1.3703107833862306e-08,2.53087944454617e-08
189,logisticregressionmodel,2022-07-09,0.0083088874816894,5.799252996179794e-10,6.979578203411449e-08,5.0,6.0,1.1354022555881076e-08,1.3389984766642254e-08,2.474400732252333e-08
190,logisticregressionmodel,2022-07-10,0.0087237358093261,6.133606189489366e-10,7.030939867450124e-08,5.0,6.0,1.2009342511494957e-08,1.4161268870035809e-08,2.6170611381530773e-08
191,logisticregressionmodel,2022-07-11,0.0083582401275634,5.876628729369907e-10,7.030940293268424e-08,5.0,6.0,1.150733894772e-08,1.3566811879475912e-08,2.5074150827195924e-08
192,logisticregressionmodel,2022-07-12,0.0068087577819824,4.772383110390769e-10,7.009183265440315e-08,5.0,6.0,9.359584914313422e-09,1.1003017425537109e-08,2.036260233985053e-08
193,logisticregressionmodel,2022-07-13,0.0079579353332519,5.597486264838113e-10,7.033842360403729e-08,5.0,6.0,1.0959638489617241e-08,1.2923479080200194e-08,2.388311756981744e-08
194,logisticregressionmodel,2022-07-14,0.0098249912261962,6.9072393476963e-10,7.030275334271642e-08,5.0,6.0,1.3523300488789876e-08,1.5948216120402022e-08,2.947151660919189e-08
195,logisticregressionmodel,2022-07-15,0.0082428455352783,5.792019878493416e-10,7.026723785741605e-08,5.0,6.0,1.1341439353095162e-08,1.3371706008911134e-08,2.4713145362006292e-08
196,logisticregressionmodel,2022-07-16,0.0091772079467773,6.448495156235167e-10,7.02664164703777e-08,5.0,6.0,1.2630886501736112e-08,1.4883279800415041e-08,2.7514166302151152e-08
197,logisticregressionmodel,2022-07-17,0.005936861038208,4.147991210884519e-10,6.98684234680446e-08,5.0,6.0,8.13868310716417e-09,9.559790293375652e-09,1.7698473400539824e-08
198,logisticregressionmodel,2022-07-18,0.0126700401306152,8.89401845468415e-10,7.019723981136498e-08,5.0,6.0,1.7448597484164767e-08,2.050002415974935e-08,3.794862164391412e-08
199,logisticregressionmodel,2022-07-19,0.0082230567932128,5.75219116608301e-10,6.995198149221999e-08,5.0,6.0,1.1261304219563804e-08,1.3281901677449544e-08,2.4543205897013363e-08
200,logisticregressionmodel,2022-07-20,0.0084180831909179,5.919111654493545e-10,7.031424518208027e-08,5.0,6.0,1.1590454313490124e-08,1.3664960861206056e-08,2.525541517469618e-08
201,logisticregressionmodel,2022-07-21,0.0093839168548583,6.590906861755585e-10,7.023620268271271e-08,5.0,6.0,1.2906723552280002e-08,1.5215078989664715e-08,2.812180254194472e-08
202,logisticregressionmodel,2022-07-22,0.0085577964782714,6.01290935873985e-10,7.026235519864045e-08,5.0,6.0,1.1778871218363444e-08,1.3876756032307942e-08,2.5655627250671385e-08
203,logisticregressionmodel,2022-07-23,0.009078025817871,6.381006753444673e-10,7.029068744090768e-08,5.0,6.0,1.2493133544921876e-08,1.4733076095581057e-08,2.722620964050293e-08
204,logisticregressionmodel,2022-07-24,0.0060441493988037,4.23571992582745e-10,7.00796695506204e-08,5.0,6.0,8.319483862982856e-09,9.75330670674642e-09,1.807279056972928e-08
205,logisticregressionmodel,2022-07-25,0.0097637176513671,6.81131516893704e-10,6.9761492621443e-08,5.0,6.0,1.3352433840433757e-08,1.5709797541300456e-08,2.906223138173421e-08
206,logisticregressionmodel,2022-07-26,0.0081229209899902,5.705237987968658e-10,7.023628562926003e-08,5.0,6.0,1.1176202032301162e-08,1.3166666030883791e-08,2.434286806318495e-08
207,logisticregressionmodel,2022-07-27,0.0118720531463623,8.33765821788046e-10,7.02292865024378e-08,5.0,6.0,1.6349885198805072e-08,1.922488212585449e-08,3.5574767324659564e-08
208,logisticregressionmodel,2022-07-28,0.0080828666687011,5.679797902372149e-10,7.02695978441128e-08,5.0,6.0,1.1130836274888781e-08,1.3103485107421875e-08,2.4234321382310654e-08
209,logisticregressionmodel,2022-07-29,0.0078158378601074,5.494406576951345e-10,7.02983694812194e-08,5.0,6.0,1.0756651560465496e-08,1.2686649958292644e-08,2.3443301518758136e-08
210,logisticregressionmodel,2022-07-30,0.0085630416870117,6.01388722658157e-10,7.023073630136987e-08,5.0,6.0,1.1787811915079751e-08,1.3871987660725912e-08,2.5659799575805664e-08
211,logisticregressionmodel,2022-07-31,0.0096268653869628,6.77572388384077e-10,7.038349048711898e-08,5.0,6.0,1.3255410724216035e-08,1.5654961268107095e-08,2.8910371992323134e-08
212,logisticregressionmodel,2022-08-01,0.0083429813385009,5.859554846419229e-10,7.023334475625286e-08,5.0,6.0,1.1486146185133192e-08,1.3515154520670574e-08,2.5001300705803765e-08
213,logisticregressionmodel,2022-08-02,0.0088529586791992,6.228412805000942e-10,7.03540254811663e-08,5.0,6.0,1.2190143267313642e-08,1.4384984970092777e-08,2.6575128237406413e-08
214,logisticregressionmodel,2022-08-03,0.0086340904235839,6.06501574516296e-10,7.024498757386647e-08,5.0,6.0,1.188317934672038e-08,1.3994773228963216e-08,2.58779525756836e-08
215,logisticregressionmodel,2022-08-04,0.0061869621276855,4.3143994828065246e-10,6.973373028259475e-08,5.0,6.0,8.456905682881673e-09,9.95159149169922e-09,1.8408497174580893e-08
216,logisticregressionmodel,2022-08-05,0.0078270435333251,5.49951322012477e-10,7.026296962204827e-08,5.0,6.0,1.0774864090813533e-08,1.2690226236979166e-08,2.34650903277927e-08
217,logisticregressionmodel,2022-08-06,0.0080020427703857,5.627396603425345e-10,7.032450044195494e-08,5.0,6.0,1.1020898818969724e-08,1.298983891805013e-08,2.4010737737019856e-08
218,logisticregressionmodel,2022-08-07,0.0084860324859619,5.967927438020701e-10,7.032647409603011e-08,5.0,6.0,1.1683503786722821e-08,1.3780196507771812e-08,2.5463700294494628e-08
219,logisticregressionmodel,2022-08-08,0.0078570842742919,5.524922262297737e-10,7.03177167180836e-08,5.0,6.0,1.0816918479071722e-08,1.2756586074829104e-08,2.3573504553900825e-08
220,logisticregressionmodel,2022-08-09,0.0086450576782226,6.02804302771886e-10,6.97281990715205e-08,5.0,6.0,1.1801719665527344e-08,1.3918479283650716e-08,2.572019894917805e-08
221,logisticregressionmodel,2022-08-10,0.0077438354492187,5.43081412381596e-10,7.013080481150796e-08,5.0,6.0,1.0656979348924424e-08,1.251498858133952e-08,2.3171967930263943e-08
222,logisticregressionmodel,2022-08-11,0.0081369876861572,5.716336011886594e-10,7.025125553048728e-08,5.0,6.0,1.1195739110310874e-08,1.3194481531778972e-08,2.4390220642089844e-08
223,logisticregressionmodel,2022-08-12,0.0089099407196044,6.267900039752324e-10,7.034726983043893e-08,5.0,6.0,1.226365566253662e-08,1.4479955037434896e-08,2.6743610699971523e-08
224,logisticregressionmodel,2022-08-13,0.0083429813385009,5.815209315882791e-10,6.970181377545352e-08,5.0,6.0,1.1397070354885528e-08,1.3415018717447918e-08,2.4812089072333453e-08
225,logisticregressionmodel,2022-08-14,0.0079751014709472,5.564750974708133e-10,6.977655387809335e-08,5.0,6.0,1.0893079969618056e-08,1.2850364049275716e-08,2.3743444018893773e-08
226,logisticregressionmodel,2022-08-15,0.0080819129943847,5.673713391356994e-10,7.020260420149339e-08,5.0,6.0,1.1123551262749566e-08,1.3084808985392256e-08,2.4208360248141825e-08
227,logisticregressionmodel,2022-08-16,0.0087690353393554,6.119574562046264e-10,6.97861774439611e-08,5.0,6.0,1.1988812022738984e-08,1.4121929804484052e-08,2.6110741827223035e-08
228,logisticregressionmodel,2022-08-17,0.0083441734313964,5.859694541825189e-10,7.022498501501675e-08,5.0,6.0,1.1475218666924373e-08,1.3526678085327149e-08,2.5001896752251523e-08
229,logisticregressionmodel,2022-08-18,0.0085899829864501,6.014585703611375e-10,7.001859855949375e-08,5.0,6.0,1.1770923932393393e-08,1.3891855875651042e-08,2.5662779808044443e-08
230,logisticregressionmodel,2022-08-19,0.0081970691680908,5.718897094329201e-10,6.976758371872064e-08,5.0,6.0,1.1202692985534672e-08,1.3198455174763998e-08,2.4401148160298668e-08
231,logisticregressionmodel,2022-08-20,0.0083179473876953,5.846035435464648e-10,7.028218817676884e-08,5.0,6.0,1.1448727713690865e-08,1.349488894144694e-08,2.4943616655137803e-08
232,logisticregressionmodel,2022-08-21,0.0082042217254638,5.72712360156907e-10,6.980703098008066e-08,5.0,6.0,1.1217925283643934e-08,1.3218323389689128e-08,2.4436248673333063e-08
233,logisticregressionmodel,2022-08-22,0.0084800720214843,5.95324389868312e-10,7.020275162286951e-08,5.0,6.0,1.1670920583936904e-08,1.3730128606160485e-08,2.5401049190097387e-08
234,logisticregressionmodel,2022-08-23,0.0084280967712402,5.8909552693367e-10,6.989662588401698e-08,5.0,6.0,1.1565287907918294e-08,1.3569990793863932e-08,2.5135278701782224e-08
235,logisticregressionmodel,2022-08-24,0.0087759494781494,6.176694461372164e-10,7.038206494637483e-08,5.0,6.0,1.20874908235338e-08,1.42669677734375e-08,2.6354458596971298e-08
236,logisticregressionmodel,2022-08-25,0.0088100433349609,6.1966398610009e-10,7.033608831877994e-08,5.0,6.0,1.2130869759453669e-08,1.4308691024780272e-08,2.6439560784233944e-08
237,logisticregressionmodel,2022-08-26,0.008408784866333,5.85882532596588e-10,6.967505316283422e-08,5.0,6.0,1.1481841405232748e-08,1.3516346613566081e-08,2.4998188018798828e-08
238,logisticregressionmodel,2022-08-27,0.0083451271057128,5.866601703564326e-10,7.029972856312973e-08,5.0,6.0,1.1484821637471518e-08,1.3546546300252278e-08,2.50313679377238e-08
239,logisticregressionmodel,2022-08-28,0.0071668624877929,4.988274599446192e-10,6.960192982553415e-08,5.0,6.0,9.812249077690972e-09,1.1471509933471681e-08,2.1283759011162653e-08
240,logisticregressionmodel,2022-08-29,0.00838303565979,5.85528637568156e-10,6.984685039295432e-08,5.0,6.0,1.1467933654785156e-08,1.3515154520670574e-08,2.4983088175455733e-08
241,logisticregressionmodel,2022-08-30,0.0080361366271972,5.645867440435623e-10,7.025599118521598e-08,5.0,6.0,1.1057986153496637e-08,1.3031562169392904e-08,2.4089548322889546e-08
242,logisticregressionmodel,2022-08-31,0.0066392421722412,4.66219447851181e-10,7.022178672747514e-08,5.0,6.0,9.137392044067382e-09,1.0755062103271484e-08,1.9892454147338893e-08
243,logisticregressionmodel,2022-09-01,0.0081501007080078,5.724981605344349e-10,7.0244305076124e-08,5.0,6.0,1.1213951640658911e-08,1.3213157653808593e-08,2.4427109294467503e-08
244,logisticregressionmodel,2022-09-02,0.0081880092620849,5.754488379425473e-10,7.027945615635727e-08,5.0,6.0,1.1267926957872178e-08,1.3285080591837564e-08,2.4553007549709745e-08
245,logisticregressionmodel,2022-09-03,0.007869005203247,5.533847246567409e-10,7.032461033681768e-08,5.0,6.0,1.0833144187927247e-08,1.2778441111246745e-08,2.3611585299173992e-08
246,logisticregressionmodel,2022-09-04,0.0086698532104492,6.08547336128023e-10,7.019119255613002e-08,5.0,6.0,1.1913643942938912e-08,1.4051596323649091e-08,2.5965240266588e-08
247,logisticregressionmodel,2022-09-05,0.0082340240478515,5.787751407755746e-10,7.029067894531954e-08,5.0,6.0,1.1333160930209693e-08,1.3361771901448568e-08,2.4694932831658256e-08
248,logisticregressionmodel,2022-09-06,0.0080549716949462,5.66177719500329e-10,7.028922520678145e-08,5.0,6.0,1.1082159148322213e-08,1.3075272242228193e-08,2.41574313905504e-08
249,logisticregressionmodel,2022-09-07,0.0083012580871582,5.83434758649932e-10,7.02826911926143e-08,5.0,6.0,1.1423892445034453e-08,1.3469854990641276e-08,2.4893747435675724e-08
250,logisticregressionmodel,2022-09-08,0.0146000385284423,1.0245323159959582e-09,7.017326111845963e-08,5.0,6.0,2.009736167060004e-08,2.3616949717203776e-08,4.3714311387803824e-08
251,logisticregressionmodel,2022-09-09,0.0081298351287841,5.714799362421034e-10,7.029416060588288e-08,5.0,6.0,1.118878523508708e-08,1.3194878896077474e-08,2.438366413116456e-08
252,logisticregressionmodel,2022-09-10,0.0080668926239013,5.665999100605642e-10,7.023769082803803e-08,5.0,6.0,1.1097391446431478e-08,1.3078053792317708e-08,2.4175445238749186e-08
253,logisticregressionmodel,2022-09-11,0.00830078125,5.83489084641138e-10,7.02932732555913e-08,5.0,6.0,1.1426210403442383e-08,1.3469854990641276e-08,2.4896065394083658e-08
254,logisticregressionmodel,2022-09-12,0.0087268352508544,6.099675727552839e-10,6.989562140474218e-08,5.0,6.0,1.1944439676072865e-08,1.4081398646036783e-08,2.602583832210965e-08
255,logisticregressionmodel,2022-09-13,0.0089931488037109,6.28689861496289e-10,6.990764583333337e-08,5.0,6.0,1.2301405270894369e-08,1.452326774597168e-08,2.6824673016866053e-08
256,logisticregressionmodel,2022-09-14,0.0096580982208251,6.793496243821251e-10,7.033989599704867e-08,5.0,6.0,1.329746511247423e-08,1.5688737233479822e-08,2.8986202345954048e-08
257,logisticregressionmodel,2022-09-15,0.0094940662384033,6.672520022259819e-10,7.028095080345658e-08,5.0,6.0,1.3065006997850206e-08,1.5405019124348957e-08,2.8470026122199165e-08
258,logisticregressionmodel,2022-09-16,0.0085158348083496,5.9637365758419e-10,7.00311444509771e-08,5.0,6.0,1.1687477429707848e-08,1.3758341471354167e-08,2.544581890106201e-08
259,logisticregressionmodel,2022-09-17,0.0080928802490234,5.68240554995007e-10,7.021487251878913e-08,5.0,6.0,1.1138783560858833e-08,1.3106664021809896e-08,2.4245447582668733e-08
260,logisticregressionmodel,2022-09-18,0.0103271007537841,7.26101020243433e-10,7.031024849615865e-08,5.0,6.0,1.4219350285000273e-08,1.676162083943685e-08,3.0980971124437126e-08
261,logisticregressionmodel,2022-09-19,0.0092527866363525,6.50657740169101e-10,7.03201927960582e-08,5.0,6.0,1.2738837136162652e-08,1.5023152033487954e-08,2.7761989169650608e-08
262,logisticregressionmodel,2022-09-20,0.0086190700531005,6.022532820039323e-10,6.98745083046727e-08,5.0,6.0,1.1790129873487684e-08,1.390655835469564e-08,2.569668822818333e-08
263,logisticregressionmodel,2022-09-21,0.0084202289581298,5.917621570163301e-10,7.027863018439342e-08,5.0,6.0,1.1590454313490124e-08,1.3658603032430012e-08,2.5249057345920138e-08
264,logisticregressionmodel,2022-09-22,0.0097260475158691,6.850740316841338e-10,7.043704347180686e-08,5.0,6.0,1.3405415746900772e-08,1.5825033187866212e-08,2.9230448934766984e-08
265,logisticregressionmodel,2022-09-23,0.0087490081787109,6.1510525935226e-10,7.030571314917764e-08,5.0,6.0,1.2048416667514378e-08,1.4196634292602541e-08,2.6245050960116922e-08
266,logisticregressionmodel,2022-09-24,0.0085549354553222,5.97096969352828e-10,6.979561359301168e-08,5.0,6.0,1.1686152882046173e-08,1.3790527979532878e-08,2.5476680861579052e-08
267,logisticregressionmodel,2022-09-25,0.0083589553833007,5.868464308977128e-10,7.020571399030234e-08,5.0,6.0,1.1502703030904133e-08,1.3536612192789713e-08,2.5039315223693845e-08
268,logisticregressionmodel,2022-09-26,0.0088112354278564,6.17869676219092e-10,7.012293352935695e-08,5.0,6.0,1.210437880622016e-08,1.4258623123168945e-08,2.6363001929389123e-08
269,logisticregressionmodel,2022-09-27,0.0087678432464599,6.160582924551435e-10,7.02633789334542e-08,5.0,6.0,1.206762260860867e-08,1.421809196472168e-08,2.6285714573330363e-08
270,logisticregressionmodel,2022-09-28,0.0081720352172851,5.709987631771301e-10,6.987228370839332e-08,5.0,6.0,1.1178188853793674e-08,1.3184944788614909e-08,2.4363133642408585e-08
271,logisticregressionmodel,2022-09-29,0.0084710121154785,5.90313981307877e-10,6.968635781186479e-08,5.0,6.0,1.1587474081251356e-08,1.3599793116251629e-08,2.5187267197502985e-08
272,logisticregressionmodel,2022-09-30,0.0085549354553222,6.01678978668319e-10,7.03312119431594e-08,5.0,6.0,1.1777546670701768e-08,1.3894637425740562e-08,2.5672184096442333e-08
273,logisticregressionmodel,2022-10-01,0.0090179443359375,6.34585007627805e-10,7.03691422333263e-08,5.0,6.0,1.2416640917460124e-08,1.4659563700358072e-08,2.70762046178182e-08
274,logisticregressionmodel,2022-10-02,0.0085582733154296,6.00572280618879e-10,7.017446843349925e-08,5.0,6.0,1.177125506930881e-08,1.3853708902994792e-08,2.56249639723036e-08
275,logisticregressionmodel,2022-10-03,0.0076980590820312,5.41139646238751e-10,7.029559535362296e-08,5.0,6.0,1.0600354936387804e-08,1.2488762537638346e-08,2.3089117474026163e-08
276,logisticregressionmodel,2022-10-04,0.0085852146148681,6.036083274417454e-10,7.030789031137277e-08,5.0,6.0,1.1820925606621637e-08,1.3933579126993814e-08,2.5754504733615453e-08
277,logisticregressionmodel,2022-10-05,0.0081608295440673,5.73480684889687e-10,7.027235182317789e-08,5.0,6.0,1.1228852801852756e-08,1.3240178426106772e-08,2.4469031227959528e-08
278,logisticregressionmodel,2022-10-06,0.0081081390380859,5.696918350458146e-10,7.026172496177371e-08,5.0,6.0,1.1156996091206869e-08,1.3150374094645182e-08,2.430737018585205e-08
279,logisticregressionmodel,2022-10-07,0.0155267715454101,1.0876591177781426e-09,7.005056489670988e-08,5.0,6.0,2.13762124379476e-08,2.5031566619873053e-08,4.6407779057820646e-08
280,logisticregressionmodel,2022-10-08,0.0066239833831787,4.651562105947071e-10,7.022303403960056e-08,5.0,6.0,9.113881323072645e-09,1.073320706685384e-08,1.9847088389926493e-08
281,logisticregressionmodel,2022-10-09,0.0082950592041015,5.829784203237958e-10,7.028020005397155e-08,5.0,6.0,1.1413958337571886e-08,1.3460318247477214e-08,2.48742765850491e-08
282,logisticregressionmodel,2022-10-10,0.0083940029144287,5.87073047889603e-10,6.993958113601146e-08,5.0,6.0,1.1504027578565809e-08,1.3544956843058269e-08,2.5048984421624093e-08
283,logisticregressionmodel,2022-10-11,0.010401964187622,7.316531365447574e-10,7.033797880359903e-08,5.0,6.0,1.4326307508680557e-08,1.68915589650472e-08,3.121786647372775e-08
284,logisticregressionmodel,2022-10-12,0.008105993270874,5.696763133340414e-10,7.027840935681119e-08,5.0,6.0,1.1158320638868545e-08,1.3148387273152673e-08,2.4306707912021216e-08
285,logisticregressionmodel,2022-10-13,0.0081243515014648,5.707085071669681e-10,7.024665378695988e-08,5.0,6.0,1.1180506812201606e-08,1.3170242309570314e-08,2.4350749121771922e-08
286,logisticregressionmodel,2022-10-14,0.0088198184967041,6.20696179933018e-10,7.037516476840966e-08,5.0,6.0,1.214709546830919e-08,1.4336506525675456e-08,2.6483601993984653e-08
287,logisticregressionmodel,2022-10-15,0.008411169052124,5.91751291818089e-10,7.035303750893671e-08,5.0,6.0,1.1584824985928005e-08,1.3663768768310544e-08,2.524859375423855e-08
288,logisticregressionmodel,2022-10-16,0.008638858795166,6.077960852781933e-10,7.035606203197734e-08,5.0,6.0,1.1893113454182945e-08,1.4040072758992512e-08,2.5933186213175456e-08
289,logisticregressionmodel,2022-10-17,0.0082292556762695,5.78540762927797e-10,7.030292722537698e-08,5.0,6.0,1.1329518424140085e-08,1.3355414072672526e-08,2.4684932496812607e-08
290,logisticregressionmodel,2022-10-18,0.0096049308776855,6.714444165759614e-10,6.990622057841988e-08,5.0,6.0,1.3195806079440646e-08,1.5453100204467773e-08,2.864890628390842e-08
291,logisticregressionmodel,2022-10-19,0.0087339878082275,6.12078525556458e-10,7.00800755618037e-08,5.0,6.0,1.2002719773186577e-08,1.4113187789916992e-08,2.6115907563103573e-08
292,logisticregressionmodel,2022-10-20,0.00828218460083,5.818841396437752e-10,7.02573255352768e-08,5.0,6.0,1.1399057176378041e-08,1.3428529103597006e-08,2.4827586279975044e-08
293,logisticregressionmodel,2022-10-21,0.0083057880401611,5.82987733350859e-10,7.019053827667266e-08,5.0,6.0,1.1431839731004504e-08,1.34428342183431e-08,2.4874673949347603e-08
294,logisticregressionmodel,2022-10-22,0.0078270435333251,5.504775080415939e-10,7.033019628648117e-08,5.0,6.0,1.07778443230523e-08,1.2709697087605796e-08,2.3487541410658097e-08
295,logisticregressionmodel,2022-10-23,0.006127119064331,4.1922591328620917e-10,6.84213753453442e-08,5.0,6.0,8.279085159301758e-09,9.608268737792973e-09,1.7887353897094732e-08
296,logisticregressionmodel,2022-10-24,0.0093369483947753,6.570356115367673e-10,7.0369416618434e-08,5.0,6.0,1.2852417098151313e-08,1.5181700388590496e-08,2.803411748674181e-08
297,logisticregressionmodel,2022-10-25,0.0080080032348632,5.608630853891374e-10,7.003781953376207e-08,5.0,6.0,1.101394494374593e-08,1.291672388712565e-08,2.3930668830871583e-08
298,logisticregressionmodel,2022-10-26,0.0081899166107177,5.714519971609117e-10,6.977506906640275e-08,5.0,6.0,1.1192758878072104e-08,1.3189713160196941e-08,2.438247203826904e-08
299,logisticregressionmodel,2022-10-27,0.0145869255065917,1.026537721157074e-09,7.037382351018274e-08,5.0,6.0,2.0106633504231773e-08,2.3693243662516283e-08,4.3799877166748056e-08
300,logisticregressionmodel,2022-10-28,0.0095551013946533,6.7211495452457e-10,7.034095471772397e-08,5.0,6.0,1.3154082828097874e-08,1.5523433685302735e-08,2.8677516513400614e-08
301,logisticregressionmodel,2022-10-29,0.0078089237213134,5.477798345353869e-10,7.014792999453825e-08,5.0,6.0,1.0737445619371202e-08,1.2634992599487305e-08,2.3372438218858507e-08
302,logisticregressionmodel,2022-10-30,0.0083918571472167,5.87678394648764e-10,7.002959944851666e-08,5.0,6.0,1.1521908971998429e-08,1.3552904129028322e-08,2.5074813101026752e-08
303,logisticregressionmodel,2022-10-31,0.0062289237976074,4.37539981007576e-10,7.024327078389346e-08,5.0,6.0,8.572141329447429e-09,1.0096629460652673e-08,1.8668770790100097e-08
304,logisticregressionmodel,2022-11-01,0.0109748840332031,7.669464047749839e-10,6.98819597960839e-08,5.0,6.0,1.502235730489095e-08,1.7701387405395512e-08,3.272374471028646e-08
305,logisticregressionmodel,2022-11-02,0.0080111026763916,5.59694300492604e-10,6.986482674126765e-08,5.0,6.0,1.0957320531209307e-08,1.2923479080200194e-08,2.3880799611409504e-08
306,logisticregressionmodel,2022-11-03,0.0093603134155273,6.582245746586059e-10,7.032078365738382e-08,5.0,6.0,1.2884868515862358e-08,1.5199979146321613e-08,2.808484766218397e-08
307,logisticregressionmodel,2022-11-04,0.007720947265625,5.432288686434423e-10,7.03578006628788e-08,5.0,6.0,1.0633468627929688e-08,1.2544790903727212e-08,2.3178259531656906e-08
308,logisticregressionmodel,2022-11-05,0.008242130279541,5.747084522909587e-10,6.972814464211104e-08,5.0,6.0,1.1253025796678332e-08,1.3268391291300456e-08,2.45214170879788e-08
309,logisticregressionmodel,2022-11-06,0.0099172592163085,6.972834101650451e-10,7.0310092229755e-08,5.0,6.0,1.3659728897942437e-08,1.6091664632161462e-08,2.9751393530103896e-08
310,logisticregressionmodel,2022-11-07,0.0079841613769531,5.57991568711069e-10,6.98873109355922e-08,5.0,6.0,1.0925200250413685e-08,1.2882947921752933e-08,2.380814817216661e-08
311,logisticregressionmodel,2022-11-08,0.0082209110260009,5.770149786604777e-10,7.01886903818206e-08,5.0,6.0,1.1315279536777073e-08,1.3304551442464194e-08,2.4619830979241268e-08
312,logisticregressionmodel,2022-11-09,0.007997989654541,5.617897315820059e-10,7.024136762455534e-08,5.0,6.0,1.1006991068522134e-08,1.2963215510050455e-08,2.39702065785726e-08
313,logisticregressionmodel,2022-11-10,0.0088090896606445,6.169647604227067e-10,7.003728923081089e-08,5.0,6.0,1.2070933977762855e-08,1.4253457387288412e-08,2.6324391365051272e-08
314,logisticregressionmodel,2022-11-11,0.0091161727905273,6.411941525008945e-10,7.033589283949973e-08,5.0,6.0,1.255439387427436e-08,1.480380694071452e-08,2.7358200814988884e-08
315,logisticregressionmodel,2022-11-12,0.0089459419250488,6.29742233554522e-10,7.039417859300321e-08,5.0,6.0,1.2319286664326984e-08,1.4550288518269856e-08,2.6869575182596843e-08
316,logisticregressionmodel,2022-11-13,0.008167028427124,5.739665144681931e-10,7.027850087578457e-08,5.0,6.0,1.1236468950907393e-08,1.3253291447957356e-08,2.4489760398864744e-08
317,logisticregressionmodel,2022-11-14,0.0004518032073974,2.0198403530650668e-11,4.470619774259749e-08,5.0,6.0,5.069706175062392e-10,3.5484631856282556e-10,8.618169360690642e-10
318,logisticregressionmodel,2022-11-15,0.0145361423492431,1.018815669549836e-09,7.008844885196667e-08,5.0,6.0,2.0023518138461643e-08,2.3446877797444666e-08,4.34703959359063e-08
319,logisticregressionmodel,2022-11-16,0.0096549987792968,6.77445110347536e-10,7.016521967876115e-08,5.0,6.0,1.3276603486802844e-08,1.5628337860107425e-08,2.8904941346910272e-08
320,logisticregressionmodel,2022-11-17,0.0087101459503173,6.081251455677881e-10,6.981802016137619e-08,5.0,6.0,1.1908345752292212e-08,1.4038880666097004e-08,2.594722641838921e-08
321,logisticregressionmodel,2022-11-18,0.0097420215606689,6.85269605252478e-10,7.034162273044933e-08,5.0,6.0,1.3415349854363336e-08,1.58234437306722e-08,2.9238793585035537e-08
322,logisticregressionmodel,2022-11-19,0.0005328655242919,2.3679923481411407e-11,4.4438835694755166e-08,5.0,6.0,5.98695543077256e-10,4.11669413248698e-10,1.0103649563259547e-09
323,logisticregressionmodel,2022-11-20,0.0079963207244873,5.58094012008773e-10,6.979385035166359e-08,5.0,6.0,1.0939108000861276e-08,1.2873411178588868e-08,2.3812519179450145e-08
324,logisticregressionmodel,2022-11-21,0.0090959072113037,6.36498834689458e-10,6.997639926432687e-08,5.0,6.0,1.2493133544921876e-08,1.4664729436238606e-08,2.7157862981160482e-08
325,logisticregressionmodel,2022-11-22,0.0081408023834228,5.707302375634512e-10,7.01073691121199e-08,5.0,6.0,1.1181831359863282e-08,1.3169844945271812e-08,2.435167630513509e-08
326,logisticregressionmodel,2022-11-23,0.0087249279022216,6.13906983203358e-10,7.036241331541955e-08,5.0,6.0,1.201397842831082e-08,1.4179944992065433e-08,2.6193923420376253e-08
327,logisticregressionmodel,2022-11-24,0.0098531246185302,6.929916568597159e-10,7.033217214734519e-08,5.0,6.0,1.356800397237142e-08,1.600027084350586e-08,2.9568274815877284e-08
328,logisticregressionmodel,2022-11-25,0.0059893131256103,4.193547434939279e-10,7.001716802896205e-08,5.0,6.0,8.237693044874403e-09,9.655157725016276e-09,1.7892850769890678e-08
329,logisticregressionmodel,2022-11-26,0.016690969467163,1.183327188293139e-09,7.08962526485447e-08,5.0,6.0,2.3058056831359865e-08,2.7431646982828776e-08,5.048970381418864e-08
330,logisticregressionmodel,2022-11-27,0.0080828666687011,5.676724603441027e-10,7.023157545605307e-08,5.0,6.0,1.1124875810411241e-08,1.3096332550048828e-08,2.4221208360460068e-08
331,logisticregressionmodel,2022-11-28,0.0093457698822021,6.56740699013074e-10,7.02714390885822e-08,5.0,6.0,1.2863675753275554e-08,1.5157858530680343e-08,2.8021534283955892e-08
332,logisticregressionmodel,2022-11-29,0.00816011428833,5.714007755120596e-10,7.002362409669064e-08,5.0,6.0,1.1191765467325846e-08,1.3188521067301434e-08,2.4380286534627284e-08
333,logisticregressionmodel,2022-11-30,0.0085678100585937,6.02265699373351e-10,7.029400689961166e-08,5.0,6.0,1.1795428064134388e-08,1.3901789983113606e-08,2.5697218047248e-08
334,logisticregressionmodel,2022-12-01,0.0077519416809082,5.45063534975051e-10,7.031316248385311e-08,5.0,6.0,1.067519187927246e-08,1.2581348419189453e-08,2.3256540298461912e-08
335,logisticregressionmodel,2022-12-02,0.0088448524475097,6.175002594788871e-10,6.98146479145327e-08,5.0,6.0,1.2085835138956706e-08,1.4261404673258465e-08,2.6347239812215173e-08
336,logisticregressionmodel,2022-12-03,0.0083739757537841,5.876892598470053e-10,7.018043485275556e-08,5.0,6.0,1.152356465657552e-08,1.3551712036132813e-08,2.5075276692708332e-08
337,logisticregressionmodel,2022-12-04,0.0081279277801513,5.711695020066362e-10,7.027246273046977e-08,5.0,6.0,1.1183487044440376e-08,1.3186931610107425e-08,2.43704186545478e-08
338,logisticregressionmodel,2022-12-05,0.0083808898925781,5.891498529248768e-10,7.02968134024301e-08,5.0,6.0,1.1535816722446018e-08,1.3601779937744141e-08,2.513759666019016e-08
339,logisticregressionmodel,2022-12-06,0.0083000659942626,5.79309087660577e-10,6.979572066788589e-08,5.0,6.0,1.1344419585333933e-08,1.3373295466105144e-08,2.4717715051439075e-08
340,logisticregressionmodel,2022-12-07,0.0086100101470947,6.024535120858088e-10,6.997128944024467e-08,5.0,6.0,1.1793110105726453e-08,1.3912121454874677e-08,2.5705231560601128e-08
341,logisticregressionmodel,2022-12-08,0.0102519989013671,7.208515773216882e-10,7.03132710271318e-08,5.0,6.0,1.4105439186096193e-08,1.6651550928751627e-08,3.075699011484782e-08
342,logisticregressionmodel,2022-12-09,0.0095951557159423,6.692341248194377e-10,6.974708328156707e-08,5.0,6.0,1.3111035029093425e-08,1.544356346130371e-08,2.8554598490397134e-08
343,logisticregressionmodel,2022-12-10,0.0094668865203857,6.684813217984306e-10,7.061258422808183e-08,5.0,6.0,1.306103335486518e-08,1.5461444854736333e-08,2.8522478209601508e-08
344,logisticregressionmodel,2022-12-11,0.0082533359527587,5.8001222120391e-10,7.027609496618553e-08,5.0,6.0,1.1357333925035266e-08,1.3390382130940754e-08,2.4747716055976023e-08
345,logisticregressionmodel,2022-12-12,0.0083658695220947,5.874688515398238e-10,7.022209107950896e-08,5.0,6.0,1.1510981453789603e-08,1.3554890950520833e-08,2.506587240431044e-08
346,logisticregressionmodel,2022-12-13,0.0080132484436035,5.615382798512778e-10,7.00762348507389e-08,5.0,6.0,1.1020898818969724e-08,1.2938578923543296e-08,2.3959477742513025e-08
347,logisticregressionmodel,2022-12-14,0.0086562633514404,6.046498343017367e-10,6.985113665714907e-08,5.0,6.0,1.1835164493984648e-08,1.3963778813680013e-08,2.5798943307664657e-08
348,logisticregressionmodel,2022-12-15,0.008937120437622,6.26881582074695e-10,7.014357548945505e-08,5.0,6.0,1.2273920906914604e-08,1.4473597208658856e-08,2.674751811557346e-08
349,logisticregressionmodel,2022-12-16,0.0082972049713134,5.821324870321482e-10,7.016007065569636e-08,5.0,6.0,1.1419587665134006e-08,1.3418594996134442e-08,2.4838182661268453e-08
350,logisticregressionmodel,2022-12-17,0.0102393627166748,7.11706184744834e-10,6.950688284397048e-08,5.0,6.0,1.3936559359232585e-08,1.6430219014485675e-08,3.036677837371826e-08
351,logisticregressionmodel,2022-12-18,0.0087049007415771,6.1250226828787e-10,7.036292388290895e-08,5.0,6.0,1.1985831790500216e-08,1.4148155848185222e-08,2.613398763868544e-08
352,logisticregressionmodel,2022-12-19,0.0246040821075439,1.7521203162272775e-09,7.121258612976478e-08,5.0,6.0,3.4088889757792166e-08,4.066983858744305e-08,7.47587283452352e-08
353,logisticregressionmodel,2022-12-20,0.0082049369812011,5.767293791638482e-10,7.029053123567283e-08,5.0,6.0,1.1292762226528591e-08,1.331488291422526e-08,2.460764514075385e-08
354,logisticregressionmodel,2022-12-21,0.0090811252593994,6.390226650238039e-10,7.036822494683507e-08,5.0,6.0,1.2507041295369468e-08,1.4758507410685225e-08,2.726554870605469e-08
355,logisticregressionmodel,2022-12-22,0.0081169605255126,5.71143115096622e-10,7.036416073497498e-08,5.0,6.0,1.117918226453993e-08,1.3190110524495445e-08,2.4369292789035376e-08
356,logisticregressionmodel,2022-12-23,0.007908821105957,5.56371102001932e-10,7.034817130746146e-08,5.0,6.0,1.0887450642055937e-08,1.2851556142171225e-08,2.3739006784227162e-08
357,logisticregressionmodel,2022-12-24,0.0081973075866699,5.76443779667218e-10,7.03211113615652e-08,5.0,6.0,1.128216584523519e-08,1.3313293457031252e-08,2.459545930226644e-08
358,logisticregressionmodel,2022-12-25,0.0083100795745849,5.81117367082172e-10,6.992921810994756e-08,5.0,6.0,1.1377864413791232e-08,1.3417005538940433e-08,2.4794869952731663e-08
359,logisticregressionmodel,2022-12-26,0.0083582401275634,5.870078567001556e-10,7.02310352109105e-08,5.0,6.0,1.1496080292595756e-08,1.3550122578938802e-08,2.5046202871534573e-08
360,logisticregressionmodel,2022-12-27,0.0138182640075683,9.695932171742123e-10,7.016751283975754e-08,5.0,6.0,1.9026796023050943e-08,2.234339714050293e-08,4.1370193163553874e-08
361,logisticregressionmodel,2022-12-28,0.0108392238616943,7.60084255999989e-10,7.01234946061144e-08,5.0,6.0,1.4892882770962186e-08,1.7538070678710938e-08,3.2430953449673125e-08
362,logisticregressionmodel,2022-12-29,0.0083169937133789,5.84556978411144e-10,7.028464834244289e-08,5.0,6.0,1.1444754070705836e-08,1.3496875762939457e-08,2.494162983364529e-08
363,logisticregressionmodel,2022-12-30,0.0139908790588378,9.821254472600087e-10,7.019755107093221e-08,5.0,6.0,1.9249982304043242e-08,2.265493075052897e-08,4.1904913054572214e-08
364,logisticregressionmodel,2022-12-31,0.0087511539459228,6.138930136627622e-10,7.014995021871074e-08,5.0,6.0,1.2034840053982206e-08,1.415848731994629e-08,2.619332737392849e-08
