project_name,date,duration,emissions,emissions_rate,cpu_power,ram_power,cpu_energy,ram_energy,energy_consumed
xgboostmodel,2022-01-01,5.61738014221191,0.4009733115434647,0.07138083971393407,5.0,6.0,0.0778774420420329,0.09320815404256184,0.1710855960845947
xgboostmodel,2022-01-02,7.60717391967773,0.5436518352892664,0.07146567713970411,5.0,6.0,0.10554161336686876,0.12642145156860354,0.2319630649354723
xgboostmodel,2022-01-03,5.657219886779781,0.40357754434479615,0.07133849353953987,5.0,6.0,0.07843507660759821,0.09376168251037599,0.1721967591179742
xgboostmodel,2022-01-04,5.73010444641113,0.40915744451019503,0.07140488421052389,5.0,6.0,0.0794791513019138,0.09509841601053873,0.17457756731245255
xgboostmodel,2022-01-05,6.801414489746089,0.48597889737288164,0.0714526218194098,5.0,6.0,0.09435017903645833,0.11300524075826009,0.20735541979471842
xgboostmodel,2022-01-06,6.9772005081176705,0.49863436985015874,0.0714662520118232,5.0,6.0,0.0967999299367269,0.11595527331034342,0.21275520324707045
xgboostmodel,2022-01-07,5.047607421875,0.3602916810711225,0.07137870498995491,5.0,6.0,0.06999274094899498,0.08373498916625977,0.15372773011525473
xgboostmodel,2022-01-08,8.48340988159179,0.6062324280341468,0.07146093805388497,5.0,6.0,0.11770129203796388,0.14096339543660483,0.2586646874745687
xgboostmodel,2022-01-09,5.56130409240722,0.3971649043427574,0.07141578625146597,5.0,6.0,0.0771290726131863,0.09233156840006512,0.16946064101325142
xgboostmodel,2022-01-10,6.76620006561279,0.4833516924381257,0.07143621053929775,5.0,6.0,0.09386936823527019,0.11236508687337239,0.20623445510864258
xgboostmodel,2022-01-11,10.06300449371337,0.7193624242941541,0.07148584945416238,5.0,6.0,0.13963778813680014,0.1672967274983724,0.30693451563517254
xgboostmodel,2022-01-12,9.19082164764404,0.6569971176915701,0.0714840460275914,5.0,6.0,0.127529435687595,0.15279531478881836,0.28032475047641336
xgboostmodel,2022-01-13,8.08358192443847,0.5774426018198333,0.07143400131494865,5.0,6.0,0.11208752791086836,0.13429323832194012,0.24638076623280847
xgboostmodel,2022-01-14,5.4576873779296795,0.38970330705907613,0.07140447593883727,5.0,6.0,0.07569856113857695,0.09057839711507161,0.1662769582536486
xgboostmodel,2022-01-15,6.1122179031372,0.43667883643839106,0.07144359762014664,5.0,6.0,0.08478495809766984,0.10153532028198245,0.18632027837965226
xgboostmodel,2022-01-16,5.84650039672851,0.41761879524919726,0.07143055963579191,5.0,6.0,0.0810914569430881,0.09709636370340985,0.17818782064649796
xgboostmodel,2022-01-17,6.18410110473632,0.44174853793780017,0.07143294238825919,5.0,6.0,0.08577505747477215,0.10270833969116212,0.18848339716593424
xgboostmodel,2022-01-18,8.69529247283935,0.6215475458237861,0.07148092462274895,5.0,6.0,0.12066794766320126,0.1445313294728597,0.26519927713606095
xgboostmodel,2022-01-19,7.555198669433589,0.5400062508450615,0.07147479165965404,5.0,6.0,0.10482933786180285,0.125578244527181,0.2304075823889839
xgboostmodel,2022-01-20,7.97851085662841,0.5701247355871732,0.0714575371058777,5.0,6.0,0.11069013012780085,0.13256827990214032,0.2432584100299412
xgboostmodel,2022-01-21,6.81788921356201,0.4871524940000641,0.0714520988447612,5.0,6.0,0.09457634554968941,0.1132798194885254,0.2078561650382148
xgboostmodel,2022-01-22,7.90588855743408,0.5646167009472848,0.07141723499458681,5.0,6.0,0.1096417506535848,0.13126651446024576,0.24090826511383054
xgboostmodel,2022-01-23,10.12170314788818,0.7235941085749203,0.07148936280806584,5.0,6.0,0.1404547029071384,0.1682853698730469,0.30874007278018534
xgboostmodel,2022-01-24,5.42559623718261,0.38751505613327025,0.07142349691957499,5.0,6.0,0.07525682449340822,0.09008646011352539,0.1653432846069336
xgboostmodel,2022-01-25,5.9991121292114205,0.42850789692666796,0.0714285527086814,5.0,6.0,0.08320874638027616,0.0996251900990804,0.18283393647935653
xgboostmodel,2022-01-26,5.8144807815551705,0.4151856117116081,0.07140544913806733,5.0,6.0,0.08061793115403916,0.09653170903523765,0.1771496401892768
xgboostmodel,2022-01-27,5.767607688903801,0.4119473169843356,0.07142429568794588,5.0,6.0,0.07999440034230551,0.09577353795369466,0.17576793829600015
xgboostmodel,2022-01-28,7.9474925994873,0.5680558466249042,0.07147610891283493,5.0,6.0,0.11027389102511938,0.13210177421569824,0.24237566524081758
xgboostmodel,2022-01-29,8.88268947601318,0.6342382525867887,0.0714016013167505,5.0,6.0,0.12318756845262317,0.1474265257517497,0.2706140942043728
xgboostmodel,2022-01-30,6.760215759277339,0.4829908126393955,0.07144606471717502,5.0,6.0,0.09377896785736084,0.11230150858561201,0.20608047644297292
xgboostmodel,2022-01-31,5.77421188354492,0.41241886658800986,0.07142426965025336,5.0,6.0,0.08008910550011529,0.09588003158569337,0.1759691370858087
xgboostmodel,2022-02-01,5.4058074951171795,0.38604173525174473,0.07141240889551433,5.0,6.0,0.07497270901997884,0.08974194526672365,0.16471465428670248
xgboostmodel,2022-02-02,5.75830936431884,0.41116083184878044,0.0714030465949821,5.0,6.0,0.07986227671305339,0.09557008743286137,0.17543236414591473
xgboostmodel,2022-02-03,5.8447122573852495,0.41728492322895266,0.07139528942621262,5.0,6.0,0.08104874028099908,0.09699662526448569,0.1780453655454848
xgboostmodel,2022-02-04,5.94921112060546,0.4244117171896829,0.07133915885413884,5.0,6.0,0.08245441648695204,0.09863177935282388,0.18108619583977603
xgboostmodel,2022-02-05,5.70387840270996,0.4073541320363681,0.07141704350549108,5.0,6.0,0.0791082779566447,0.09469985961914065,0.17380813757578537
xgboostmodel,2022-02-06,5.7262897491455,0.4089957082735167,0.0714242076790732,5.0,6.0,0.07943875259823269,0.09506980578104657,0.17450855837927925
xgboostmodel,2022-02-07,15.62731266021728,1.1180340211987496,0.07154358817206927,5.0,6.0,0.2169360717137655,0.2601019541422526,0.47703802585601807
xgboostmodel,2022-02-08,6.92548751831054,0.4948467617432277,0.07145298586343338,5.0,6.0,0.09607076644897464,0.1150683561960857,0.21113912264506027
xgboostmodel,2022-02-09,6.3570022583007795,0.45413967566357727,0.07143928178892424,5.0,6.0,0.08818076716528997,0.10558962821960449,0.1937703953848945
xgboostmodel,2022-02-10,7.4502229690551705,0.5324186172617807,0.07146344739925298,5.0,6.0,0.10335975223117405,0.12381037076314293,0.22717012299431696
xgboostmodel,2022-02-11,7.53562450408935,0.5384515961938435,0.07145414370124763,5.0,6.0,0.1045558187696669,0.12518843015034992,0.22974424892001682
xgboostmodel,2022-02-12,5.56578636169433,0.3974061117437152,0.07140161082696264,5.0,6.0,0.07718867725796169,0.09237488110860188,0.1695635583665636
xgboostmodel,2022-02-13,6.49499893188476,0.4638028725451894,0.0714092299951464,5.0,6.0,0.09005831347571479,0.10783513387044273,0.1978934473461575
xgboostmodel,2022-02-14,6.69288635253906,0.478090763449669,0.07143267317968084,5.0,6.0,0.09283622105916345,0.11115352312723797,0.2039897441864014
xgboostmodel,2022-02-15,8.78069400787353,0.6274128902686968,0.07145367891263535,5.0,6.0,0.12180838319990371,0.14589349428812667,0.26770187748803037
xgboostmodel,2022-02-16,11.53538227081298,0.8248228323327172,0.07150372765883083,5.0,6.0,0.1600888040330675,0.19184311230977372,0.3519319163428413
xgboostmodel,2022-02-17,8.69910717010498,0.6218106388383442,0.07147982277712764,5.0,6.0,0.1207166247897678,0.14459490776062014,0.2653115325503879
xgboostmodel,2022-02-18,6.77287578582763,0.48368478837278156,0.07141497993878769,5.0,6.0,0.09393162197536893,0.11244495709737146,0.20637657907274037
xgboostmodel,2022-02-19,5.13899326324462,0.36698060754272677,0.07141099214265649,5.0,6.0,0.07127357853783504,0.0853081544240316,0.15658173296186662
xgboostmodel,2022-02-20,5.12812137603759,0.36616664897733275,0.0714036626918263,5.0,6.0,0.07111264599694149,0.08512179056803386,0.15623443656497532
xgboostmodel,2022-02-21,7.17289447784423,0.5125949078533385,0.07146276993710846,5.0,6.0,0.09951525264316134,0.1191965738932293,0.2187118265363905
xgboostmodel,2022-02-22,8.575797080993649,0.6128229468531081,0.0714595904107029,5.0,6.0,0.1189735200670031,0.14250318209330243,0.2614767021603055
xgboostmodel,2022-02-23,6.56781196594238,0.46892519264751026,0.07139747530519117,5.0,6.0,0.09104741944207088,0.10903159777323407,0.20007901721530494
xgboostmodel,2022-02-24,10.50069332122802,0.7508988174067605,0.07150945127487496,5.0,6.0,0.14573203192816842,0.17465829849243164,0.3203903304206001
xgboostmodel,2022-02-25,8.25519561767578,0.5900448348257278,0.07147557273656134,5.0,6.0,0.11453760994805233,0.1372202237447103,0.25175783369276256
xgboostmodel,2022-02-26,5.42750358581543,0.38751971264680235,0.07139925502022147,5.0,6.0,0.07526675860087079,0.09007851282755533,0.16534527142842612
xgboostmodel,2022-02-27,5.86099624633789,0.4186295691198775,0.07142634997957019,5.0,6.0,0.08128748999701607,0.0973316033681234,0.17861909336513945
xgboostmodel,2022-02-28,8.27820301055908,0.5908805237876046,0.07137787307630894,5.0,6.0,0.1146958933936225,0.13741850852966309,0.2521144019232856
xgboostmodel,2022-03-01,4.77478504180908,0.340967149913311,0.07140994765790012,5.0,6.0,0.06621778011322021,0.07926464080810547,0.1454824209213257
xgboostmodel,2022-03-02,12.756180763244629,0.9124104549156297,0.07152693050137926,5.0,6.0,0.177065200275845,0.2122382322947185,0.3893034325705634
xgboostmodel,2022-03-03,4.35662269592285,0.3109394671850735,0.07137167684409909,5.0,6.0,0.060401691330803774,0.07226864496866864,0.1326703362994724
xgboostmodel,2022-03-04,10.70380210876464,0.7654342796140248,0.07151050363564368,5.0,6.0,0.14855398072136772,0.17803827921549478,0.32659225993686253
xgboostmodel,2022-03-05,6.37929439544677,0.45505312840143847,0.07133283090465815,5.0,6.0,0.08834997812906902,0.10581016540527344,0.19416014353434244
xgboostmodel,2022-03-06,5.8506965637207,0.4177538341416254,0.07140240988262059,5.0,6.0,0.0811192724439833,0.09712616602579753,0.17824543846978083
xgboostmodel,2022-03-07,6.09641075134277,0.4355210719572174,0.07143893181103178,5.0,6.0,0.0845627652274238,0.10126352310180665,0.1858262883292305
xgboostmodel,2022-03-08,8.071589469909659,0.5767691147459878,0.0714566959699999,5.0,6.0,0.11195672882927789,0.13413667678833008,0.246093405617608
xgboostmodel,2022-03-09,5.96280097961425,0.42595271273454044,0.07143500415170588,5.0,6.0,0.08271535237630209,0.09902834892272949,0.1817437012990316
xgboostmodel,2022-03-10,9.13479328155517,0.6530473076966073,0.07149010246517891,5.0,6.0,0.1267628537284004,0.15187660853068033,0.27863946225908065
xgboostmodel,2022-03-11,14.1446828842163,1.0118366422851879,0.07153477038458536,5.0,6.0,0.196334719657898,0.2353914578755697,0.4317261775334676
xgboostmodel,2022-03-12,8.30450057983398,0.5935913907488187,0.07147827675396289,5.0,6.0,0.11523465315500897,0.13803641001383465,0.2532710631688436
xgboostmodel,2022-03-13,5.96261024475097,0.42572283618317713,0.0713987362427304,5.0,6.0,0.08269713984595405,0.09894847869873048,0.1816456185446845
xgboostmodel,2022-03-14,9.21578407287597,0.6585323702030713,0.0714570095171037,5.0,6.0,0.12781653139326307,0.15316327412923178,0.2809798055224949
xgboostmodel,2022-03-15,8.12480449676513,0.5802304564714432,0.07141469763395046,5.0,6.0,0.11268059412638345,0.13488968213399252,0.247570276260376
xgboostmodel,2022-03-16,4.53169345855712,0.323050903664695,0.07128701590675399,5.0,6.0,0.06278620825873482,0.07505178451538086,0.13783799277411568
xgboostmodel,2022-03-17,6.693077087402339,0.47819475891855046,0.0714461753053173,5.0,6.0,0.09284284379747179,0.11119127273559573,0.20403411653306763
xgboostmodel,2022-03-18,5.25918006896972,0.37501293816831377,0.07130635065739037,5.0,6.0,0.07287727461920844,0.08713165918986006,0.16000893380906847
xgboostmodel,2022-03-19,6.23388290405273,0.44510262463490174,0.07140054304605792,5.0,6.0,0.0864177942276001,0.1034967104593913,0.1899145046869914
xgboostmodel,2022-03-20,5.570578575134269,0.39736171964804334,0.0713322169840258,5.0,6.0,0.07723172505696616,0.09231289227803549,0.16954461733500162
xgboostmodel,2022-03-21,6.85269832611084,0.4896625100109313,0.07145543065060518,5.0,6.0,0.09506675932142471,0.1138603687286377,0.20892712805006242
xgboostmodel,2022-03-22,5.10659217834472,0.3645635665853819,0.07139077370058425,5.0,6.0,0.07082521915435791,0.08472522099812826,0.15555044015248617
xgboostmodel,2022-03-23,7.86540508270263,0.5621748252511025,0.07147436391895703,5.0,6.0,0.10913312435150148,0.1307332515716553,0.23986637592315682
xgboostmodel,2022-03-24,10.903120040893551,0.7797009057733749,0.0715117235111607,5.0,6.0,0.15131566259596085,0.18136382102966309,0.332679483625624
xgboostmodel,2022-03-25,5.12158870697021,0.36570984499984327,0.0714055473650454,5.0,6.0,0.07102621926201715,0.08501331011454268,0.1560395293765598
xgboostmodel,2022-03-26,5.77192306518554,0.4122127382556598,0.0714168802321707,5.0,6.0,0.08004605770111083,0.09583512941996257,0.1758811871210734
xgboostmodel,2022-03-27,7.419323921203611,0.5302936949200102,0.0714746654212642,5.0,6.0,0.10294185744391549,0.12332161267598472,0.2262634701199002
xgboostmodel,2022-03-28,4.5040130615234295,0.3214226760996713,0.07136361988944884,5.0,6.0,0.062443150414360896,0.07470011711120607,0.13714326752556696
xgboostmodel,2022-03-29,5.11651039123535,0.3653050387567945,0.07139730222820748,5.0,6.0,0.07095005777147081,0.08491675059000654,0.15586680836147737
xgboostmodel,2022-03-30,6.285595893859861,0.4490275998910269,0.07143755460475328,5.0,6.0,0.0871876875559489,0.10440150896708178,0.19158919652303064
xgboostmodel,2022-03-31,5.396294593811031,0.38536281557877866,0.07141248663865538,5.0,6.0,0.07484157880147299,0.0895833969116211,0.16442497571309408
xgboostmodel,2022-04-01,8.82318019866943,0.6304691153168681,0.0714559944510648,5.0,6.0,0.12241105238596599,0.14659484227498373,0.26900589466094976
xgboostmodel,2022-04-02,10.820412635803219,0.7737751818696659,0.07151069075770297,5.0,6.0,0.1501808563868205,0.17997026443481448,0.33015112082163495
xgboostmodel,2022-04-03,12.33291625976562,0.8821362874044313,0.0715269826555358,5.0,6.0,0.17118089728885227,0.20520528157552084,0.3763861788643731
xgboostmodel,2022-04-04,7.99598693847656,0.5708516173495188,0.07139226486258876,5.0,6.0,0.1108719242943658,0.13269662857055664,0.2435685528649225
xgboostmodel,2022-04-05,5.2374124526977495,0.3739894364939796,0.07140729126676672,5.0,6.0,0.07262892193264431,0.0869433085123698,0.1595722304450141
xgboostmodel,2022-04-06,6.32128715515136,0.4515796797407998,0.0714379316517518,5.0,6.0,0.0876817438337538,0.1049963633219401,0.1926781071556939
xgboostmodel,2022-04-07,7.08730220794677,0.5064644525713391,0.07146082355617005,5.0,6.0,0.0983224974738227,0.11777361234029134,0.21609610981411403
xgboostmodel,2022-04-08,13.76640796661377,0.9841736923456194,0.07149095789783604,5.0,6.0,0.1910209655761719,0.22890210151672363,0.4199230670928955
xgboostmodel,2022-04-09,6.55410289764404,0.46826753771967367,0.0714464733057515,5.0,6.0,0.0909166203604804,0.10888179143269859,0.199798411793179
xgboostmodel,2022-04-10,9.99939441680908,0.7149595355325278,0.07150028349023553,5.0,6.0,0.13876093758477104,0.16629497210184738,0.3050559096866184
xgboostmodel,2022-04-11,7.35549926757812,0.5256655861205525,0.07146565678248425,5.0,6.0,0.10204878118303089,0.12223998705546062,0.2242887682384915
xgboostmodel,2022-04-12,5.48539161682128,0.39175993386904406,0.07141877211969484,5.0,6.0,0.0760793685913086,0.09107510248819989,0.1671544710795085
xgboostmodel,2022-04-13,30.53867816925049,2.185710332022773,0.07157187092084337,5.0,6.0,0.42400823699103457,0.5085813999176025,0.9325896369086372
xgboostmodel,2022-04-14,7.15508460998535,0.5114056342972649,0.07147443561793353,5.0,6.0,0.0992748472425673,0.11892954508463541,0.21820439232720268
xgboostmodel,2022-04-15,7.42111206054687,0.5302884175380072,0.071456732254078,5.0,6.0,0.10293920834859213,0.1233220100402832,0.22626121838887533
xgboostmodel,2022-04-16,8.85670185089111,0.6331655470861332,0.0714899922957695,5.0,6.0,0.1228931877348158,0.14726320902506512,0.2701563967598809
xgboostmodel,2022-04-17,9.23819541931152,0.6605736305183836,0.07150461757255326,5.0,6.0,0.12820429272121853,0.15364646911621094,0.2818507618374295
xgboostmodel,2022-04-18,12.54317760467529,0.8970563776294393,0.0715174739529379,5.0,6.0,0.17409026622772217,0.208661953608195,0.3827522198359172
xgboostmodel,2022-04-19,5.77497482299804,0.41252953639295376,0.07143399738300354,5.0,6.0,0.0801013575659858,0.0959149996439616,0.17601635720994738
xgboostmodel,2022-04-20,9.169602394104,0.6555894536508454,0.0714959521115534,5.0,6.0,0.12724432680341935,0.1524798075358073,0.27972413433922655
xgboostmodel,2022-04-21,6.88140392303466,0.49155910797251606,0.07143296825333582,5.0,6.0,0.09545120928022596,0.11428515116373701,0.20973636044396296
xgboostmodel,2022-04-22,7.07969665527343,0.5054665617214311,0.07139664117457989,5.0,6.0,0.09817050562964545,0.11749982833862309,0.21567033396826849
xgboostmodel,2022-04-23,6.8800687789916894,0.49146799552440645,0.07143358755730829,5.0,6.0,0.09543299674987797,0.11426448822021484,0.2096974849700928
xgboostmodel,2022-04-24,6.34372234344482,0.4523684931331211,0.07130962999989561,5.0,6.0,0.08783075544569227,0.10518391927083333,0.19301467471652559
xgboostmodel,2022-04-25,9.42997932434082,0.6742085230085586,0.07149628857279468,5.0,6.0,0.1308553748660618,0.1568130652109782,0.28766844007704
xgboostmodel,2022-04-26,8.79919528961181,0.6290169039633541,0.07148573059924707,5.0,6.0,0.12208984957800971,0.1462964216868083,0.26838627126481795
xgboostmodel,2022-04-27,6.464123725891111,0.46161586335632543,0.07141197831770917,5.0,6.0,0.08965167734358047,0.10730862617492677,0.1969603035185072
xgboostmodel,2022-04-28,9.90948677062988,0.7085796463423306,0.0715051811202217,5.0,6.0,0.1375221543841892,0.1648116111755371,0.3023337655597263
xgboostmodel,2022-04-29,5.44142723083496,0.3882257953153717,0.0713463175828964,5.0,6.0,0.07542934682634143,0.09021719296773276,0.16564653979407418
xgboostmodel,2022-04-30,5.59899806976318,0.3999024686482218,0.07142393400845311,5.0,6.0,0.07765856054094103,0.09297013282775882,0.17062869336869985
xgboostmodel,2022-05-01,7.88090229034423,0.5631222705377475,0.0714540353111205,5.0,6.0,0.1093053155475193,0.1309653123219808,0.2402706278695001
xgboostmodel,2022-05-02,5.84299564361572,0.417326676633623,0.07142341053935407,5.0,6.0,0.08105304506089953,0.09701013565063478,0.1780631807115343
xgboostmodel,2022-05-03,8.65767002105712,0.6190145576794943,0.0714989779206104,5.0,6.0,0.1201470692952474,0.14397144317626953,0.26411851247151696
xgboostmodel,2022-05-04,5.35099506378173,0.38214330212275216,0.07141537182668932,5.0,6.0,0.07420976956685386,0.08884151776631673,0.1630512873331706
xgboostmodel,2022-05-05,7.19580650329589,0.5140870100061099,0.07144258392310056,5.0,6.0,0.09980698426564534,0.11954148610432946,0.2193484703699749
xgboostmodel,2022-05-06,14.377498626708979,1.02846846688456,0.07153319875642214,5.0,6.0,0.19957390096452501,0.23924867312113443,0.43882257408565944
xgboostmodel,2022-05-07,6.524777412414549,0.4661988039745225,0.07145052995792567,5.0,6.0,0.09051395787133112,0.10840177536010745,0.19891573323143855
xgboostmodel,2022-05-08,23.34601879119873,1.6697316910028461,0.07152104630500519,5.0,6.0,0.3240307172139486,0.388403336207072,0.7124340534210206
xgboostmodel,2022-05-09,5.88359832763671,0.4202203893595272,0.07142234495948642,5.0,6.0,0.08160306347741021,0.09769479433695477,0.179297857814365
xgboostmodel,2022-05-10,7.627987861633299,0.5450512728227511,0.07145413478752508,5.0,6.0,0.105830364757114,0.12672980626424155,0.2325601710213557
xgboostmodel,2022-05-11,9.518814086914059,0.6805871704618136,0.07149915569812915,5.0,6.0,0.13209482034047446,0.15829523404439289,0.29039005438486737
xgboostmodel,2022-05-12,10.91551780700683,0.7798797158930039,0.07144688229012712,5.0,6.0,0.1514487796359592,0.1813069979349772,0.33275577757093644
xgboostmodel,2022-05-13,8.549904823303219,0.6111816810501948,0.07148403329407674,5.0,6.0,0.1186364226871067,0.14213999112447107,0.26077641381157773
xgboostmodel,2022-05-14,13.775897026062008,0.9848971593313749,0.07149423064560452,5.0,6.0,0.1911583873960707,0.22907336552937826,0.42023175292544895
xgboostmodel,2022-05-15,10.219216346740719,0.7306730956633887,0.07149991456012444,5.0,6.0,0.1418153444925944,0.16994516054789224,0.31176050504048664
xgboostmodel,2022-05-16,10.07540225982666,0.7201062247223325,0.07147170963025365,5.0,6.0,0.1398053434160021,0.1674465338389079,0.30725187725491
xgboostmodel,2022-05-17,6.5840959548950195,0.47035132752524483,0.0714374958608489,5.0,6.0,0.09134279357062448,0.1093447208404541,0.20068751441107854
xgboostmodel,2022-05-18,8.71970653533935,0.6233120540181796,0.07148314584808689,5.0,6.0,0.12099047501881917,0.14496167500813806,0.26595215002695716
xgboostmodel,2022-05-19,6.23769760131835,0.44548228570487775,0.0714177432408271,5.0,6.0,0.08649991618262398,0.10357658068339032,0.1900764968660143
xgboostmodel,2022-05-20,6.94279670715332,0.4960043710072837,0.07144158066679947,5.0,6.0,0.0963111718495687,0.11532187461853029,0.21163304646809897
xgboostmodel,2022-05-21,6.67810440063476,0.47713509165578416,0.0714476838083621,5.0,6.0,0.09264184368981254,0.11094013849894205,0.2035819821887546
xgboostmodel,2022-05-22,5.656218528747551,0.4038695077432527,0.07140274119371418,5.0,6.0,0.07844600412580702,0.09387532869974773,0.17232133282555476
xgboostmodel,2022-05-23,7.3693037033081,0.5266375557117993,0.07146367919066628,5.0,6.0,0.10224017832014297,0.12246330579121908,0.22470348411136204
xgboostmodel,2022-05-24,9.51969623565673,0.6807262449993029,0.07150713931917192,5.0,6.0,0.13211799992455375,0.1583313941955567,0.2904493941201104
xgboostmodel,2022-05-25,6.5310001373291,0.46644063224395116,0.0714194797788973,5.0,6.0,0.09056230386098228,0.10845661163330078,0.19901891549428305
xgboostmodel,2022-05-26,6.28249645233154,0.44884351238939507,0.0714434963545139,5.0,6.0,0.0871472888522678,0.10436336199442549,0.19151065084669328
xgboostmodel,2022-05-27,8.65178108215332,0.6184169717762206,0.07147857370684932,5.0,6.0,0.12004706594679095,0.14381647109985352,0.2638635370466444
xgboostmodel,2022-05-28,9.53428745269775,0.6817179271645019,0.07150171741167799,5.0,6.0,0.13231105274624297,0.15856146812438968,0.29087252087063264
xgboostmodel,2022-05-29,6.62751197814941,0.4733496565885015,0.07142192396620518,5.0,6.0,0.09190009699927437,0.11006673177083337,0.2019668287701077
xgboostmodel,2022-05-30,10.09578704833984,0.7218783385554948,0.0715029284095489,5.0,6.0,0.14010965824127197,0.16789833704630533,0.30800799528757733
xgboostmodel,2022-05-31,9.09912586212158,0.6504856043855352,0.0714888016983497,5.0,6.0,0.12626151243845626,0.15128493309021002,0.2775464455286662
xgboostmodel,2022-06-01,6.02731704711914,0.4304339861406221,0.07141386171917992,5.0,6.0,0.0835958454344008,0.10005990664164226,0.18365575207604307
xgboostmodel,2022-06-02,8.34970474243164,0.5966541349159348,0.0714581117921272,5.0,6.0,0.1158293750551012,0.1387484868367513,0.2545778618918525
xgboostmodel,2022-06-03,12.576103210449219,0.8988356314500173,0.07147171237456082,5.0,6.0,0.17452637354532877,0.20898501078287762,0.38351138432820636
xgboostmodel,2022-06-04,11.41839027404785,0.8165845285918981,0.07151485533366837,5.0,6.0,0.15847749180263945,0.1899393399556478,0.3484168317582873
xgboostmodel,2022-06-05,5.79168796539306,0.4136703822082944,0.0714248393007512,5.0,6.0,0.0803318288591173,0.09617129961649577,0.17650312847561309
xgboostmodel,2022-06-06,6.115889549255369,0.43689971039692566,0.07143682155772738,5.0,6.0,0.08483628431955975,0.10157823562622073,0.18641451994578048
xgboostmodel,2022-06-07,6.536698341369621,0.46693484354681447,0.07143282727178413,5.0,6.0,0.09065833356645372,0.10857144991556805,0.19922978348202172
xgboostmodel,2022-06-08,7.02669620513916,0.5021681979695958,0.07146576190419641,5.0,6.0,0.09748637676239016,0.11677662531534831,0.2142630020777385
xgboostmodel,2022-06-09,5.32870292663574,0.38053804669115293,0.07141288451060346,5.0,6.0,0.07390114996168348,0.08846521377563481,0.16236636373731828
xgboostmodel,2022-06-10,5.14588356018066,0.367471869720353,0.07141084041696653,5.0,6.0,0.07136795255872938,0.08542339007059734,0.1567913426293267
xgboostmodel,2022-06-11,7.637119293212891,0.5453056736787161,0.07140201072455805,5.0,6.0,0.10590155919392905,0.12676715850830078,0.23266871770222988
xgboostmodel,2022-06-12,6.20369911193847,0.4430677282214165,0.07141992547136457,5.0,6.0,0.08605817953745523,0.10298808415730797,0.1890462636947632
xgboostmodel,2022-06-13,5.18939495086669,0.3703953841328622,0.07137544697209859,5.0,6.0,0.0719517469406128,0.08608698844909671,0.1580387353897095
xgboostmodel,2022-06-14,5.30712604522705,0.37908055795563594,0.07142859519919656,5.0,6.0,0.07362100813123915,0.08812348047892252,0.1617444886101617
xgboostmodel,2022-06-15,5.58938980102539,0.3993182314170731,0.0714421870064988,5.0,6.0,0.07753603988223608,0.09284337361653648,0.1703794134987725
xgboostmodel,2022-06-16,6.1254739761352495,0.4374766524235408,0.07141923288351933,5.0,6.0,0.08496244748433432,0.10169823964436848,0.1866606871287028
xgboostmodel,2022-06-17,5.321097373962401,0.37991484996345315,0.07139783831479599,5.0,6.0,0.07379021909501818,0.08831024169921875,0.16210046079423696
xgboostmodel,2022-06-18,5.77092170715332,0.4121518931455083,0.07141872894144921,5.0,6.0,0.08004473315344918,0.09581049283345541,0.1758552259869046
xgboostmodel,2022-06-19,8.11238288879394,0.5798692662384776,0.07147952385722338,5.0,6.0,0.11256105369991726,0.1348551114400228,0.24741616513994005
xgboostmodel,2022-06-20,7.12687969207763,0.5089758655362661,0.07141636838658194,5.0,6.0,0.09885960155063206,0.11830806732177737,0.2171676688724094
xgboostmodel,2022-06-21,7.07876682281494,0.5059199509223303,0.07147006866955201,5.0,6.0,0.09821057319641115,0.11765321095784505,0.21586378415425617
xgboostmodel,2022-06-22,8.20550918579101,0.5864222225149474,0.07146689001706555,5.0,6.0,0.1138319571812949,0.1363801956176758,0.2502121527989706
xgboostmodel,2022-06-23,8.449196815490719,0.6037405724260543,0.07145538038824695,5.0,6.0,0.11720988485548231,0.1403915882110596,0.25760147306654185
xgboostmodel,2022-06-24,8.03530216217041,0.5743688372373582,0.07148067684889846,5.0,6.0,0.11149446169535321,0.13357480367024738,0.24506926536560059
xgboostmodel,2022-06-25,5.593109130859371,0.39947593200869036,0.07142287458770027,5.0,6.0,0.07757511403825548,0.09287158648173018,0.17044670051998564
xgboostmodel,2022-06-26,5.778098106384269,0.4127147104144097,0.071427432143874,5.0,6.0,0.080143411954244,0.09595195452372232,0.1760953664779663
xgboostmodel,2022-06-27,8.42039585113525,0.6017950810723836,0.0714687399157426,5.0,6.0,0.11682642830742733,0.13994495073954263,0.25677137904697
xgboostmodel,2022-06-28,8.97219181060791,0.6412798323498833,0.07147415546686059,5.0,6.0,0.12446509467230903,0.149153470993042,0.27361856566535103
xgboostmodel,2022-06-29,8.01551342010498,0.5729366488920318,0.07147847166657578,5.0,6.0,0.11122789647844104,0.13323028882344565,0.24445818530188665
xgboostmodel,2022-06-30,7.694387435913081,0.5497718910243777,0.07145102785679218,5.0,6.0,0.10675258106655548,0.1278217633565267,0.23457434442308212
xgboostmodel,2022-07-01,5.95428943634033,0.42536009377903405,0.07143759105544456,5.0,6.0,0.0825928317175971,0.09889801343282065,0.18149084515041775
xgboostmodel,2022-07-02,8.73112678527832,0.6236372338798314,0.07142689016168624,5.0,6.0,0.1210974322424995,0.14499346415201825,0.2660908963945177
xgboostmodel,2022-07-03,5.42569160461425,0.38728424827920077,0.0713797017047258,5.0,6.0,0.07523463832007515,0.0900101661682129,0.16524480448828804
xgboostmodel,2022-07-04,7.88290500640869,0.5631534691784117,0.07143983959220311,5.0,6.0,0.10936392678154845,0.1309200127919515,0.2402839395734999
xgboostmodel,2022-07-05,5.35130500793457,0.381557512720426,0.07130176884978097,5.0,6.0,0.07409453392028809,0.08870681126912436,0.1628013451894125
xgboostmodel,2022-07-06,7.1227312088012695,0.5089274377955332,0.07145116429027565,5.0,6.0,0.09879999690585668,0.11834700902303061,0.2171470059288873
xgboostmodel,2022-07-07,5.67710399627685,0.4054668471018474,0.07142142320587395,5.0,6.0,0.07873773574829102,0.09426514307657877,0.1730028788248698
xgboostmodel,2022-07-08,8.81941318511962,0.6305318230324322,0.07149362545983037,5.0,6.0,0.12238058778974745,0.1466520627339681,0.2690326505237156
xgboostmodel,2022-07-09,7.16919898986816,0.5123597539199725,0.07146680607471803,5.0,6.0,0.09946657551659481,0.1191449165344239,0.2186114920510186
xgboostmodel,2022-07-10,7.1444988250732395,0.5104328886204296,0.07144418399637667,5.0,6.0,0.09912086857689753,0.11866847674051921,0.2177893453174168
xgboostmodel,2022-07-11,5.57661056518554,0.39835619572136144,0.07143338970238944,5.0,6.0,0.07735722594790989,0.09261171023050944,0.16996893617841932
xgboostmodel,2022-07-12,5.301690101623531,0.37783882101376853,0.07126761726379728,5.0,6.0,0.07338325182596844,0.08783141771952312,0.16121466954549155
xgboostmodel,2022-07-13,9.01169776916503,0.6439939588705699,0.07146200143041836,5.0,6.0,0.12503862380981445,0.14973799387613934,0.27477661768595374
xgboostmodel,2022-07-14,5.3044319152832,0.3787831619580587,0.07140880833378284,5.0,6.0,0.07356405258178712,0.08805354436238608,0.16161759694417321
xgboostmodel,2022-07-15,8.77058506011962,0.6268288082546659,0.07146944063114943,5.0,6.0,0.12168751822577581,0.1457651456197103,0.2674526638454861
xgboostmodel,2022-07-16,10.62798500061035,0.7600443652007316,0.0715134962231395,5.0,6.0,0.1475039455625746,0.1767885684967041,0.3242925140592787
xgboostmodel,2022-07-17,5.58991432189941,0.39906848707464015,0.07139080567142565,5.0,6.0,0.07751252916124132,0.09276032447814941,0.17027285363939076
xgboostmodel,2022-07-18,9.21590328216552,0.6578821656968861,0.07138553276378337,5.0,6.0,0.12770560052659777,0.15299677848815918,0.280702379014757
xgboostmodel,2022-07-19,14.59660530090332,1.0439074479341508,0.07151713884251895,5.0,6.0,0.20255843798319498,0.2428515752156576,0.44541001319885254
xgboostmodel,2022-07-20,6.59968852996826,0.47158002622922274,0.07145489125552575,5.0,6.0,0.09155670801798506,0.10965506235758464,0.2012117703755697
xgboostmodel,2022-07-21,6.01909160614013,0.42998959953255134,0.07143762342708235,5.0,6.0,0.08349286185370554,0.0999732812245687,0.18346614307827422
xgboostmodel,2022-07-22,8.36570262908935,0.5980091803537475,0.07148343741915239,5.0,6.0,0.11607772774166542,0.1390782992045085,0.2551560269461738
xgboostmodel,2022-07-23,6.291007995605461,0.4494081922637092,0.07143659530835753,5.0,6.0,0.0872598754035102,0.1044917106628418,0.191751586066352
xgboostmodel,2022-07-24,9.72249507904052,0.6942588494088915,0.07140747758315195,5.0,6.0,0.1348819997575548,0.1613414287567139,0.29622342851426864
xgboostmodel,2022-07-25,12.57839202880859,0.899703450355265,0.07152769990748044,5.0,6.0,0.17459028297000467,0.2092913786570232,0.3838816616270277
xgboostmodel,2022-07-26,9.4120979309082,0.6725542189677558,0.07145635584168415,5.0,6.0,0.13057788213094076,0.1563847064971924,0.28696258862813323
xgboostmodel,2022-07-27,6.77902698516845,0.4844774821930462,0.0714671122054852,5.0,6.0,0.0940544737709893,0.11266032854715985,0.2067148023181492
xgboostmodel,2022-07-28,8.574628829956051,0.612808977312512,0.07146769725724127,5.0,6.0,0.11896557278103301,0.14250516891479495,0.261470741695828
xgboostmodel,2022-07-29,4.86989021301269,0.34763496685690354,0.07138455933318537,5.0,6.0,0.0675237841076321,0.08080363273620607,0.14832741684383818
xgboostmodel,2022-07-30,5.41989803314209,0.38703357263406124,0.07140975167196739,5.0,6.0,0.07516940434773763,0.08996844291687014,0.16513784726460773
xgboostmodel,2022-07-31,8.177900314331051,0.5845139832695326,0.07147482370813728,5.0,6.0,0.11347631613413493,0.1359216372172038,0.2493979533513387
xgboostmodel,2022-08-01,5.37261962890625,0.3835891495744388,0.07139704205200346,5.0,6.0,0.07451275984446208,0.08915543556213379,0.1636681954065959
xgboostmodel,2022-08-02,5.50792217254638,0.39314167665110705,0.07137749306093633,5.0,6.0,0.07637209362453888,0.09137193361918132,0.16774402724372017
xgboostmodel,2022-08-03,5.49633502960205,0.3926145593192843,0.07143206467668888,5.0,6.0,0.07623897658454047,0.09128014246622725,0.1675191190507677
xgboostmodel,2022-08-04,8.396601676940909,0.600163904382123,0.07147700075261605,5.0,6.0,0.1164956225289239,0.13957977294921878,0.2560753954781427
xgboostmodel,2022-08-05,6.5840959548950195,0.4703541214333641,0.07143792020279931,5.0,6.0,0.09133881992763945,0.10934988657633464,0.20068870650397408
xgboostmodel,2022-08-06,6.25720024108886,0.44678517819113206,0.07140336907507747,5.0,6.0,0.0867760843700833,0.10385632514953612,0.1906324095196194
xgboostmodel,2022-08-07,9.60230827331543,0.6865695486134954,0.07150046937374993,5.0,6.0,0.1332557863659329,0.15968680381774905,0.2929425901836819
xgboostmodel,2022-08-08,5.17268180847168,0.3692889965176583,0.071392173381484,5.0,6.0,0.07173319657643638,0.08583347002665204,0.15756666660308838
xgboostmodel,2022-08-09,6.10947608947753,0.4363469822406769,0.07142134216585368,5.0,6.0,0.08472204208374023,0.1014566421508789,0.1861786842346192
xgboostmodel,2022-08-10,8.02969932556152,0.5736068764064047,0.07143566068288515,5.0,6.0,0.11137757036421037,0.13336658477783206,0.2447441551420424
xgboostmodel,2022-08-11,6.904006004333491,0.49330048881636734,0.0714513412222894,5.0,6.0,0.09576943185594348,0.11470993359883629,0.21047936545477974
xgboostmodel,2022-08-12,5.60529232025146,0.4004576802783542,0.07144278253455814,5.0,6.0,0.07775558365715875,0.09311000506083171,0.17086558871799046
xgboostmodel,2022-08-13,7.6124906539916894,0.5440099211798775,0.07146280316214505,5.0,6.0,0.10560419824388292,0.1265116532643636,0.23211585150824654
xgboostmodel,2022-08-14,8.61012935638427,0.6153900827633011,0.07147280340300567,5.0,6.0,0.1194751924938626,0.1430968443552653,0.2625720368491279
xgboostmodel,2022-08-15,5.52489757537841,0.39463098489575926,0.07142774676121118,5.0,6.0,0.07663600974612766,0.09174346923828128,0.16837947898440891
xgboostmodel,2022-08-16,5.586600303649901,0.3989519190192224,0.0714122896457394,5.0,6.0,0.077475110689799,0.09274800618489584,0.17022311687469485
xgboostmodel,2022-08-17,7.3030948638916,0.5216980813741685,0.07143520536116535,5.0,6.0,0.10130405426025393,0.12129187583923341,0.22259593009948733
xgboostmodel,2022-08-18,7.095885276794429,0.507004297706816,0.07145046430850067,5.0,6.0,0.09842647446526422,0.11789997418721516,0.21632644865247938
xgboostmodel,2022-08-19,5.12037277221679,0.36567135115464533,0.07141498625623167,5.0,6.0,0.0710149606068929,0.08500814437866211,0.156023104985555
xgboostmodel,2022-08-20,7.23521709442138,0.5170210791826249,0.07145895865118779,5.0,6.0,0.10037819544474284,0.12022217114766438,0.22060036659240725
xgboostmodel,2022-08-21,6.7830085754394505,0.48420197180906943,0.0713845436613943,5.0,6.0,0.09405016899108888,0.11254707972208661,0.20659724871317547
xgboostmodel,2022-08-22,6.11169338226318,0.43653945146666645,0.07142692281218699,5.0,6.0,0.08477237489488393,0.10148843129475914,0.18626080618964308
xgboostmodel,2022-08-23,8.608675003051749,0.6154115027255485,0.07148736623317598,5.0,6.0,0.11945135063595241,0.14312982559204102,0.26258117622799354
xgboostmodel,2022-08-24,8.4191083908081,0.6018293840554025,0.0714837434225783,5.0,6.0,0.11682079897986529,0.1399652163187663,0.2567860152986315
xgboostmodel,2022-08-25,5.97009658813476,0.42630878080262086,0.0714073507034854,5.0,6.0,0.08280409706963435,0.0990915298461914,0.18189562691582573
xgboostmodel,2022-08-26,8.125424385070799,0.5800682545834119,0.0713892871428595,5.0,6.0,0.11259747876061336,0.13490358988444012,0.24750106864505347
xgboostmodel,2022-08-27,14.917302131652828,1.0670167932907741,0.07152880486523666,5.0,6.0,0.20707647005716961,0.24819374084472653,0.45527021090189623
xgboostmodel,2022-08-28,6.04400634765625,0.43159687278668096,0.07140907007055775,5.0,6.0,0.0838249921798706,0.100326935450236,0.1841519276301066
xgboostmodel,2022-08-29,9.22319889068603,0.6594411664274005,0.07149809672795099,5.0,6.0,0.1279956764645047,0.15337189038594565,0.2813675668504503
xgboostmodel,2022-08-30,5.17151355743408,0.3692789074050056,0.07140635005668021,5.0,6.0,0.07172094451056588,0.08584141731262207,0.15756236182318795
xgboostmodel,2022-08-31,12.586402893066401,0.9001492339173954,0.07151759256119708,5.0,6.0,0.1746902863184611,0.2093815803527832,0.3840718666712443
xgboostmodel,2022-09-01,6.95757865905761,0.4971717589497566,0.07145758363831377,5.0,6.0,0.09652475516001385,0.11560638745625813,0.21213114261627203
xgboostmodel,2022-09-02,7.47439861297607,0.5342005097733604,0.07147070118068782,5.0,6.0,0.10369883643256296,0.12423157691955566,0.2279304133521186
xgboostmodel,2022-09-03,5.64131736755371,0.4028413495553865,0.07140909176149998,5.0,6.0,0.07823738786909315,0.09364525477091473,0.17188264264000785
xgboostmodel,2022-09-04,6.02049827575683,0.4300228159957463,0.07142644948962937,5.0,6.0,0.08350544505649145,0.0999748706817627,0.18348031573825416
xgboostmodel,2022-09-05,5.56879043579101,0.3973371953434415,0.07135071788475407,5.0,6.0,0.07721251911587186,0.09232163429260257,0.1695341534084744
xgboostmodel,2022-09-06,5.6391954421997,0.40273331844144405,0.0714168045015209,5.0,6.0,0.07821354601118301,0.09362300237019856,0.17183654838138157
xgboostmodel,2022-09-07,6.33978843688964,0.4527515689796872,0.07141430246240375,5.0,6.0,0.08792943424648708,0.10524868965148929,0.19317812389797645
xgboostmodel,2022-09-08,7.09869861602783,0.5070212163726491,0.07142453057914991,5.0,6.0,0.09845991929372153,0.11787374814351399,0.21633366743723562
xgboostmodel,2022-09-09,6.098198890686031,0.43557213838895176,0.071426358207866,5.0,6.0,0.0845928986867269,0.10125517845153809,0.185848077138265
xgboostmodel,2022-09-10,5.87360858917236,0.419512444085545,0.07142328905928298,5.0,6.0,0.08147226439581977,0.09752353032430013,0.1789957947201199
xgboostmodel,2022-09-11,12.61601448059082,0.9021749725209344,0.07151029938249445,5.0,6.0,0.1750893063015408,0.20984689394632977,0.38493620024787056
xgboostmodel,2022-09-12,6.06448650360107,0.4331794665190909,0.07142887798692771,5.0,6.0,0.08411241902245417,0.10071476300557458,0.1848271820280287
xgboostmodel,2022-09-13,5.68687915802001,0.4062222888138559,0.07143149652493916,5.0,6.0,0.07888045575883655,0.09444475173950197,0.1733252074983385
xgboostmodel,2022-09-14,6.398510932922361,0.45710991042852406,0.07144004522623366,5.0,6.0,0.08876423041025798,0.10627349217732748,0.19503772258758545
xgboostmodel,2022-09-15,5.92379570007324,0.42306210435099084,0.07141740292389896,5.0,6.0,0.08214877711402048,0.09836157162984213,0.1805103487438626
xgboostmodel,2022-09-16,9.668707847595211,0.6913362662990888,0.0715024465726345,5.0,6.0,0.1341750224431356,0.16080141067504886,0.2949764331181844
xgboostmodel,2022-09-17,6.678223609924309,0.4771995067596437,0.0714560539797576,5.0,6.0,0.09264747301737469,0.11096199353535982,0.2036094665527344
xgboostmodel,2022-09-18,7.159209251403801,0.511529652774334,0.07145057991900866,5.0,6.0,0.09933213392893474,0.1189251740773519,0.21825730800628665
xgboostmodel,2022-09-19,7.71982669830322,0.5516947206788593,0.07146465098758226,5.0,6.0,0.1071029239230686,0.1282918453216553,0.23539476924472388
xgboostmodel,2022-09-20,5.72309494018554,0.4086186858945423,0.07139820152647942,5.0,6.0,0.07937086953057183,0.09497682253519697,0.17434769206576878
xgboostmodel,2022-09-21,5.9785842895507795,0.4271264645788406,0.07144274361496607,5.0,6.0,0.08293324046664767,0.09931127230326336,0.18224451276991105
xgboostmodel,2022-09-22,7.3999881744384695,0.5283126588463785,0.071393716637455,5.0,6.0,0.10260840257008873,0.1228098074595134,0.22541821002960208
xgboostmodel,2022-09-23,5.8238983154296795,0.41590116262435917,0.07141284756337199,5.0,6.0,0.0807642936706543,0.09669065475463869,0.17745494842529302
xgboostmodel,2022-09-24,5.64131736755371,0.4028553190959825,0.07141156805199846,5.0,6.0,0.07824334833357069,0.09364525477091473,0.1718886031044854
xgboostmodel,2022-09-25,5.74562549591064,0.41036084282398244,0.07142143933955493,5.0,6.0,0.07968743642171225,0.09540359179178877,0.175091028213501
xgboostmodel,2022-09-26,5.6643009185791,0.40433919474151403,0.07138377719574673,5.0,6.0,0.07854865656958686,0.09397308031717937,0.17252173688676622
xgboostmodel,2022-09-27,12.19699382781982,0.8723442603151004,0.07152125127139047,5.0,6.0,0.1692901055018107,0.20291805267333987,0.37220815817515057
xgboostmodel,2022-09-28,7.9087018966674805,0.5651703604062399,0.07146183631531088,5.0,6.0,0.10973612467447917,0.13140837351481122,0.24114449818929037
xgboostmodel,2022-09-29,7.446789741516111,0.5319552941653465,0.07143417668954409,5.0,6.0,0.10330114099714494,0.123671293258667,0.2269724342558119
xgboostmodel,2022-09-30,5.75320720672607,0.41091853792799854,0.07142425488301443,5.0,6.0,0.0797990295622084,0.0955299536387126,0.17532898320092097
xgboostmodel,2022-10-01,5.91938495635986,0.42277712572283216,0.07142247528074604,5.0,6.0,0.08209711975521512,0.09829163551330566,0.1803887552685208
xgboostmodel,2022-10-02,8.44180583953857,0.6034178760382866,0.07147971506429117,5.0,6.0,0.11712544494205053,0.1403383413950602,0.2574637863371108
xgboostmodel,2022-10-03,7.658886909484861,0.5473615244030953,0.07146750315966094,5.0,6.0,0.10625422000885008,0.12729167938232427,0.23354589939117443
xgboostmodel,2022-10-04,5.28628826141357,0.3774611777663232,0.07140382043134905,5.0,6.0,0.0733107328414917,0.08774280548095703,0.16105353832244876
xgboostmodel,2022-10-05,5.03919124603271,0.35973771117793196,0.07138798541554629,5.0,6.0,0.06988313462999134,0.08360822995503744,0.15349136458502877
xgboostmodel,2022-10-06,6.29189014434814,0.44947509084145243,0.07143721211426508,5.0,6.0,0.0872721274693807,0.1045080025990804,0.1917801300684611
xgboostmodel,2022-10-07,10.31889915466308,0.7378927094605234,0.07150885946269488,5.0,6.0,0.1432057884004381,0.17163515090942386,0.3148409393098619
xgboostmodel,2022-10-08,6.43789768218994,0.45994634803798473,0.07144356290569805,5.0,6.0,0.08930133448706735,0.10694662729899089,0.19624796178605822
xgboostmodel,2022-10-09,5.94172477722168,0.42439883416891105,0.07142687520564658,5.0,6.0,0.08241236209869385,0.09866833686828612,0.18108069896698
xgboostmodel,2022-10-10,6.4416170120239205,0.04667590521660733,0.007245991981436037,5.0,6.0,0.0893500116136339,0.10699669520060222,0.1963467068142361
xgboostmodel,2022-10-11,5.2994966506958,0.37810765706168287,0.07134784338660521,5.0,6.0,0.07346934742397732,0.0878600279490153,0.16132937537299266
xgboostmodel,2022-10-12,5.49292564392089,0.3919772378338708,0.07136037573486505,5.0,6.0,0.07615023189120823,0.09109695752461754,0.16724718941582575
xgboostmodel,2022-10-13,6.06610774993896,0.4331100844674642,0.07139835003290569,5.0,6.0,0.08411937289767797,0.10067820549011233,0.18479757838779032
xgboostmodel,2022-10-14,5.01561164855957,0.3581444074643982,0.0714059286402793,5.0,6.0,0.06955299112531875,0.08325854937235515,0.1528115404976739
xgboostmodel,2022-10-15,5.17940521240234,0.36951825220055046,0.07134376188905257,5.0,6.0,0.07180439101325142,0.0858600934346517,0.15766448444790315
xgboostmodel,2022-10-16,5.17661571502685,0.3696411841577954,0.07140595410333211,5.0,6.0,0.07178650961981879,0.08593042691548668,0.15771693653530547
xgboostmodel,2022-10-17,5.35399913787841,0.3823287865784434,0.07140994548795268,5.0,6.0,0.07425712214575873,0.08887330691019694,0.16313042905595568
xgboostmodel,2022-10-18,5.05321025848388,0.3600186541610294,0.07124553219541785,5.0,6.0,0.06991955969068739,0.08369167645772298,0.15361123614841038
xgboostmodel,2022-10-19,6.440901756286619,0.45934984865453515,0.07131763005175297,5.0,6.0,0.08929835425482856,0.10669509569803873,0.1959934499528673
xgboostmodel,2022-10-20,6.15229606628418,0.4393827186293073,0.07141768112188439,5.0,6.0,0.0853207376268175,0.102153221766154,0.18747395939297148
xgboostmodel,2022-10-21,5.87821006774902,0.4189909145699608,0.07127865621352444,5.0,6.0,0.08136497603522407,0.09740829467773439,0.17877327071295848
xgboostmodel,2022-10-22,5.893301963806151,0.4208830112351312,0.07141718069428547,5.0,6.0,0.08173717392815487,0.09784340858459473,0.1795805825127496
xgboostmodel,2022-10-23,8.09798240661621,0.5782834129465952,0.07141080134653373,5.0,6.0,0.11230442259046769,0.13443509737650555,0.24673951996697324
xgboostmodel,2022-10-24,5.89740276336669,0.4212532040609254,0.07143029244630414,5.0,6.0,0.08180174562666151,0.09793678919474286,0.17973853482140437
xgboostmodel,2022-10-25,6.3266277313232395,0.45186807314554855,0.07142321191246043,5.0,6.0,0.08775591850280762,0.10504523913065593,0.1928011576334636
xgboostmodel,2022-10-26,10.53011417388916,0.7530330527755951,0.07151233503648444,5.0,6.0,0.14614595307244194,0.1751550038655599,0.3213009569380018
xgboostmodel,2022-10-27,9.77931022644043,0.6991396516760191,0.07149171418918152,5.0,6.0,0.1356989145278931,0.16260703404744467,0.29830594857533776
xgboostmodel,2022-10-28,12.557792663574219,0.8980475941432847,0.0715131725934772,5.0,6.0,0.17429027292463517,0.208884874979655,0.3831751479042901
xgboostmodel,2022-10-29,7.57560729980468,0.5412585425509348,0.07144754488064466,5.0,6.0,0.10510020785861546,0.1258416970570882,0.2309419049157037
xgboostmodel,2022-10-30,8.0780029296875,0.5768464128706191,0.07140953251584604,5.0,6.0,0.11202626758151585,0.13410011927286786,0.24612638685438373
xgboostmodel,2022-10-31,8.57369899749755,0.612921354505751,0.07148855525306487,5.0,6.0,0.11896822187635638,0.14255046844482425,0.2615186903211806
xgboostmodel,2022-11-01,10.82408428192138,0.7740508474707606,0.07151190135904584,5.0,6.0,0.15022059281667074,0.180048147837321,0.33026874065399175
xgboostmodel,2022-11-02,7.874512672424309,0.5623471162517866,0.07141357689613795,5.0,6.0,0.10920663674672444,0.1307332515716553,0.2399398883183797
xgboostmodel,2022-11-03,5.62770366668701,0.40136119912068063,0.07131882254151435,5.0,6.0,0.07798771063486737,0.09326338768005372,0.17125109831492108
xgboostmodel,2022-11-04,7.3236942291259695,0.5227459521359867,0.07137735899145699,5.0,6.0,0.1014745897716946,0.12156844139099121,0.2230430311626858
xgboostmodel,2022-11-05,6.03060722351074,0.43067752179834584,0.07141528304468571,5.0,6.0,0.08365445666842991,0.10010520617167154,0.18375966284010145
xgboostmodel,2022-11-06,7.37001895904541,0.5267050751580133,0.07146590505192323,5.0,6.0,0.10225706630282932,0.12247522672017416,0.2247322930230035
xgboostmodel,2022-11-07,6.65671825408935,0.47539169298940237,0.07141532431500457,5.0,6.0,0.0923279258939955,0.11051019032796225,0.20283811622195771
xgboostmodel,2022-11-08,7.15150833129882,0.5108954356312753,0.0714388366710451,5.0,6.0,0.09919305642445882,0.11879364649454753,0.21798670291900651
xgboostmodel,2022-11-09,8.15951824188232,0.5829234734641182,0.07144091797871184,5.0,6.0,0.1131541199154324,0.13556520144144693,0.24871932135687932
xgboostmodel,2022-11-10,9.68599319458007,0.6924999290307364,0.07149498405782834,5.0,6.0,0.1344064871470134,0.1610664526621501,0.2954729398091635
xgboostmodel,2022-11-11,6.21490478515625,0.4440257282720672,0.07144529862027546,5.0,6.0,0.08620984024471708,0.10324517885843916,0.1894550191031562
xgboostmodel,2022-11-12,6.513786315917961,0.465403161029021,0.07144894512300765,5.0,6.0,0.09035964806874593,0.10821660359700525,0.1985762516657512
xgboostmodel,2022-11-13,5.25259971618652,0.3750893049902387,0.0714102207016376,5.0,6.0,0.0728415118323432,0.08720000584920248,0.1600415176815457
xgboostmodel,2022-11-14,5.8916091918945295,0.4207867766221365,0.07142136603375528,5.0,6.0,0.08171796798706057,0.09782155354817709,0.17953952153523764
xgboostmodel,2022-11-15,5.90178966522216,0.42144132720761834,0.07140907269045373,5.0,6.0,0.0818454556994968,0.09797334671020508,0.17981880240970188
xgboostmodel,2022-11-16,5.82940578460693,0.4161319704784287,0.07138497230322555,5.0,6.0,0.08082820309533015,0.0967252254486084,0.17755342854393852
xgboostmodel,2022-11-17,7.53910541534423,0.5387390582958858,0.07145928178685465,5.0,6.0,0.10459025700887045,0.1252766450246175,0.22986690203348803
xgboostmodel,2022-11-18,9.97209548950195,0.7129553721083535,0.07149504062199484,5.0,6.0,0.1383874151441786,0.1658133665720622,0.3042007817162408
xgboostmodel,2022-11-19,12.657499313354489,0.9051360494759353,0.07150986360480834,5.0,6.0,0.1756664779451159,0.21053314208984378,0.3861996200349596
xgboostmodel,2022-11-20,8.19830894470214,0.5856768699155913,0.07143874107038417,5.0,6.0,0.1137253310945299,0.13616879781087238,0.24989412890540233
xgboostmodel,2022-11-21,5.49910068511962,0.3926148697535198,0.07139619589361615,5.0,6.0,0.07625420888264978,0.09126504262288412,0.1675192515055339
xgboostmodel,2022-11-22,6.4162015914916894,0.45835118171903827,0.0714365306612002,5.0,6.0,0.08901092741224502,0.10655641555786133,0.19556734297010644
xgboostmodel,2022-11-23,10.92250347137451,0.7810027117398051,0.07150400215359437,5.0,6.0,0.15158620145585802,0.1816487312316895,0.3332349326875475
xgboostmodel,2022-11-24,9.96301174163818,0.7114104961355529,0.07140516488225859,5.0,6.0,0.1380711793899536,0.1654704411824544,0.30354162057240813
xgboostmodel,2022-11-25,6.35337829589843,0.4538560939894783,0.07143539591880985,5.0,6.0,0.08813606368170845,0.105513334274292,0.19364939795600045
xgboostmodel,2022-11-26,8.36291313171386,0.5978047594096926,0.0714828373790821,5.0,6.0,0.1160389847225613,0.13902982076009113,0.2550688054826524
xgboostmodel,2022-11-27,7.236909866333,0.5172258105609152,0.07147053371040492,5.0,6.0,0.10040435526106092,0.12028336524963379,0.2206877205106947
xgboostmodel,2022-11-28,5.66859245300293,0.40482548997137285,0.07141552216492775,5.0,6.0,0.0786178641849094,0.09411136309305826,0.1727292272779677
xgboostmodel,2022-11-29,5.1224946975708,0.3657450792855687,0.07139979655987017,5.0,6.0,0.07103449768490261,0.08502006530761719,0.1560545629925198
xgboostmodel,2022-11-30,5.43322563171386,0.387773182200061,0.07137071207509214,5.0,6.0,0.07532801893022326,0.09012540181477866,0.1654534207450019
xgboostmodel,2022-12-01,6.426811218261711,0.45861660299036244,0.07135989955441792,5.0,6.0,0.08909040027194554,0.10659019152323404,0.1956805917951796
xgboostmodel,2022-12-02,8.70919227600097,0.622621182627148,0.07149011790023756,5.0,6.0,0.12085106637742785,0.14480630556742352,0.26565737194485134
xgboostmodel,2022-12-03,7.010793685913081,0.5009626266161602,0.07145590771309579,5.0,6.0,0.0972568988800049,0.11649171511332196,0.2137486139933269
xgboostmodel,2022-12-04,10.68480014801025,0.7639174979395337,0.07149572171284758,5.0,6.0,0.1482751634385851,0.1776699225107829,0.325945085949368
xgboostmodel,2022-12-05,6.19609355926513,0.44207480431927587,0.07134734169051288,5.0,6.0,0.08588764402601455,0.10273496309916182,0.18862260712517642
xgboostmodel,2022-12-06,6.56821727752685,0.46850377817286415,0.0713289098665857,5.0,6.0,0.09105039967430964,0.10884881019592288,0.1998992098702325
xgboostmodel,2022-12-07,5.4269790649414,0.3875465652081702,0.07141110377811168,5.0,6.0,0.07526510291629367,0.09009162584940596,0.1653567287656996
xgboostmodel,2022-12-08,8.01467895507812,0.5725202013651531,0.07143395319689036,5.0,6.0,0.11118054389953613,0.13309995333353677,0.24428049723307288
xgboostmodel,2022-12-09,5.66349029541015,0.4045313535332681,0.07142792384779244,5.0,6.0,0.07855395476023357,0.09404977162679036,0.17260372638702393
xgboostmodel,2022-12-10,5.03699779510498,0.3596599474019474,0.07140363407573251,5.0,6.0,0.06984836525387235,0.08360981941223145,0.15345818466610378
xgboostmodel,2022-12-11,7.69531726837158,0.5493225374685393,0.0713840012453161,5.0,6.0,0.1066323783662585,0.12775023778279623,0.23438261614905467
xgboostmodel,2022-12-12,5.66239356994628,0.4044411723878649,0.07142583209589602,5.0,6.0,0.07853574222988556,0.09402950604756673,0.1725652482774523
xgboostmodel,2022-12-13,8.40578079223632,0.6007035943004821,0.0714631524599474,5.0,6.0,0.11662377251519097,0.13968189557393396,0.2563056680891249
xgboostmodel,2022-12-14,10.2658987045288,0.7334243190752135,0.07144277770358896,5.0,6.0,0.1424110598034329,0.17052332560221353,0.31293438540564644
xgboostmodel,2022-12-15,5.849480628967281,0.4177943458093538,0.07142417802708659,5.0,6.0,0.0811262263192071,0.0971364974975586,0.1782627238167657
xgboostmodel,2022-12-16,5.92188835144043,0.42297363059388265,0.07142546523880332,5.0,6.0,0.08214877711402048,0.09832382202148438,0.1804725991355048
xgboostmodel,2022-12-17,6.32200241088867,0.45141903002394584,0.0714044381328369,5.0,6.0,0.08767478995853002,0.10493477185567221,0.19260956181420222
xgboostmodel,2022-12-18,7.70001411437988,0.5503683904078273,0.0714762833200535,5.0,6.0,0.10683900780147977,0.1279898484547933,0.2348288562562731
xgboostmodel,2022-12-19,5.73060512542724,0.4087074700858859,0.07132012433947187,5.0,6.0,0.0794139173295763,0.0949716567993164,0.1743855741288927
xgboostmodel,2022-12-20,9.59401130676269,0.6859550440443889,0.07149825261940937,5.0,6.0,0.13314021958245176,0.1595401763916016,0.2926803959740533
xgboostmodel,2022-12-21,7.737898826599119,0.5525920308364763,0.07141370586766198,5.0,6.0,0.1073125335905287,0.1284650961558024,0.2357776297463311
xgboostmodel,2022-12-22,9.36999320983886,0.6693972580101756,0.07144052754566373,5.0,6.0,0.12997355726030138,0.15564203262329104,0.2856155898835924
xgboostmodel,2022-12-23,6.98649883270263,0.49871446188290924,0.07138260147536415,5.0,6.0,0.09686946868896489,0.11591990788777669,0.2127893765767416
xgboostmodel,2022-12-24,11.485695838928219,0.8213818240496848,0.07151345774504957,5.0,6.0,0.1594069931242201,0.1910567283630371,0.35046372148725724
xgboostmodel,2022-12-25,8.02721977233886,0.5730848812394673,0.07139269852985342,5.0,6.0,0.1112414730919732,0.1332799593607585,0.24452143245273167
xgboostmodel,2022-12-26,6.53879642486572,0.46714252405034173,0.07144166811401148,5.0,6.0,0.0907000568177965,0.10861833890279138,0.19931839572058785
xgboostmodel,2022-12-27,6.55639171600341,0.4680873306459851,0.0713940458291161,5.0,6.0,0.09088185098436145,0.1088396708170573,0.19972152180141883
xgboostmodel,2022-12-28,7.300782203674309,0.5211849335829417,0.07138754712072377,5.0,6.0,0.10122060775756837,0.121156374613444,0.22237698237101242
xgboostmodel,2022-12-29,5.45809268951416,0.38980124906036595,0.0714171178897776,5.0,6.0,0.07570021682315405,0.09061853090922041,0.16631874773237446
xgboostmodel,2022-12-30,5.08210659027099,0.3624150512417158,0.07131197364799674,5.0,6.0,0.07039010524749759,0.0842436154683431,0.1546337207158407
xgboostmodel,2022-12-31,5.49848079681396,0.3926151801877552,0.07140430142363176,5.0,6.0,0.07625950707329644,0.09125987688700359,0.16751938396030006
